CPI序号,波位号,时间戳(ms),帧间隔(ms),目标数,有效点迹数,宽脉冲数,窄脉冲数,最小距离(m),最大距离(m),最小速度(m/s),最大速度(m/s),正高度点数,负高度点数(地杂波)
1,15,898140,0,4,4,2,2,2060.4,5014.9,-39.59,2.18,3,1
2,16,898304,164,3,3,1,2,380.6,3308.0,-24.03,49.97,2,1
3,0,898468,164,2,2,1,1,2228.4,8824.8,5.73,9.01,2,0
4,1,898632,164,1,1,1,0,2753.7,2753.7,-39.86,-39.86,1,0
5,2,898796,164,1,1,0,1,1094.8,1094.8,-11.74,-11.74,1,0
6,3,898960,164,2,2,0,2,960.2,1095.8,-11.74,5.46,2,0
7,4,899124,164,16,16,15,1,1339.1,11439.3,-64.16,12.29,12,4
8,5,899288,164,0,0,0,0,0.0,0.0,0.00,0.00,0,0
9,6,899452,164,1,1,1,0,11490.6,11490.6,-3.55,-3.55,0,1
10,7,899616,164,10,10,6,4,1008.2,11490.5,-51.88,1.37,4,6
11,8,899780,164,2,2,2,0,2057.6,5629.8,-122.17,0.82,1,1
12,9,899944,164,5,5,4,1,1335.4,10147.4,-135.74,-1.09,4,1
13,10,900108,164,2,2,1,1,1125.1,3451.7,-6.01,6.01,2,0
14,11,900272,164,1,1,1,0,3978.2,3978.2,-5.46,-5.46,1,0
15,12,900436,164,2,2,1,1,1915.5,3955.7,-3.55,-2.46,2,0
16,13,900600,164,0,0,0,0,0.0,0.0,0.00,0.00,0,0
17,14,900764,164,2,2,1,1,1271.2,2585.6,-1.91,1.09,0,2
18,15,900928,164,0,0,0,0,0.0,0.0,0.00,0.00,0,0
19,16,901092,164,0,0,0,0,0.0,0.0,0.00,0.00,0,0
20,0,901256,164,1,1,1,0,8802.4,8802.4,9.01,9.01,0,1
21,1,901420,164,1,1,1,0,4242.5,4242.5,17.75,17.75,1,0
22,2,901584,164,1,1,0,1,1124.1,1124.1,-11.74,-11.74,1,0
23,3,901748,164,1,1,0,1,1124.8,1124.8,-11.74,-11.74,1,0
24,4,901912,164,16,16,12,4,1322.5,11439.2,-41.77,41.77,7,9
25,5,902076,164,0,0,0,0,0.0,0.0,0.00,0.00,0,0
26,6,902240,164,0,0,0,0,0.0,0.0,0.00,0.00,0,0
27,7,902404,164,18,18,11,7,1433.0,10717.8,-32.22,69.90,8,10
28,8,902568,164,3,3,3,0,4671.9,5199.6,-4.37,10.65,2,1
29,9,902732,164,4,4,2,2,1393.5,10624.8,-135.74,-9.28,4,0
30,10,902896,164,5,5,3,2,1072.9,10650.9,-27.85,0.82,4,1
31,11,903060,164,3,3,2,1,358.9,3952.9,-46.96,5.73,2,1
32,12,903224,164,1,1,1,0,2897.6,2897.6,14.74,14.74,1,0
33,13,903388,164,2,2,1,1,1729.6,12424.5,-13.65,2.18,2,0
34,14,903552,164,1,1,0,1,1894.9,1894.9,4.37,4.37,0,1
35,15,903716,164,0,0,0,0,0.0,0.0,0.00,0.00,0,0
36,16,903880,164,0,0,0,0,0.0,0.0,0.00,0.00,0,0
37,0,904044,164,1,1,1,0,8775.8,8775.8,9.01,9.01,1,0
38,1,904208,164,0,0,0,0,0.0,0.0,0.00,0.00,0,0
39,2,904372,164,1,1,0,1,1153.1,1153.1,-11.19,-11.19,1,0
40,3,904536,164,1,1,0,1,1154.6,1154.6,-11.19,-11.19,1,0
41,4,904700,164,17,17,15,2,1314.7,11438.7,-48.05,5.73,7,10
42,5,904864,164,1,1,1,0,2729.3,2729.3,-3.28,-3.28,1,0
43,6,905028,164,1,1,1,0,7148.1,7148.1,8.74,8.74,1,0
44,7,905192,164,18,18,10,8,1433.1,10718.1,-52.15,58.70,8,10
45,8,905356,164,4,4,4,0,2178.4,4674.0,-4.64,22.62,4,0
46,9,905520,164,2,2,2,0,3617.5,4594.4,-140.26,3.28,2,0
47,10,905684,164,6,6,4,2,1169.9,11130.2,-28.67,55.15,6,0
48,11,905848,164,2,2,2,0,3929.3,5059.8,6.01,9.01,2,0
49,12,906012,164,3,3,3,0,2850.5,3690.6,-1.64,46.42,3,0
50,13,906176,164,1,1,1,0,2827.2,2827.2,7.10,7.10,1,0
51,14,906340,164,0,0,0,0,0.0,0.0,0.00,0.00,0,0
52,15,906504,164,0,0,0,0,0.0,0.0,0.00,0.00,0,0
53,16,906668,164,2,2,2,0,2728.4,3979.3,-5.46,-5.19,2,0
54,0,906832,164,1,1,1,0,8750.5,8750.5,9.01,9.01,1,0
55,1,906996,164,0,0,0,0,0.0,0.0,0.00,0.00,0,0
56,2,907160,164,1,1,0,1,1191.3,1191.3,-11.47,-11.47,1,0
57,3,907324,164,1,1,0,1,1193.3,1193.3,-11.47,-11.47,1,0
58,4,907488,164,17,17,15,2,1340.2,11438.8,-28.12,57.06,7,10
59,5,907652,164,1,1,1,0,2682.8,2682.8,-6.01,-6.01,1,0
60,6,907816,164,1,1,1,0,11463.6,11463.6,4.37,4.37,1,0
61,7,907980,164,13,13,10,3,1486.4,10718.7,-54.06,37.13,6,7
62,8,908144,164,2,2,2,0,3353.8,4194.4,0.82,140.26,2,0
63,9,908308,164,1,1,1,0,4170.8,4170.8,140.26,140.26,1,0
64,10,908472,164,7,7,4,3,1123.6,11589.0,-29.49,2.18,6,1
65,11,908636,164,2,2,2,0,4958.3,5033.2,3.28,6.55,2,0
66,12,908800,164,2,2,2,0,2825.5,3930.0,-7.37,10.10,2,0
67,13,908964,164,2,2,2,0,3546.1,10746.0,6.01,64.98,2,0
68,14,909128,164,1,1,1,0,1530.1,1530.1,18.84,18.84,1,0
69,15,909292,164,1,1,0,1,2205.4,2205.4,-0.82,-0.82,0,1
70,16,909456,164,1,1,0,1,1841.2,1841.2,11.19,11.19,0,1
71,0,909620,164,0,0,0,0,0.0,0.0,0.00,0.00,0,0
72,1,909784,164,0,0,0,0,0.0,0.0,0.00,0.00,0,0
73,2,909948,164,2,2,0,2,761.4,1220.8,-11.74,0.82,1,1
74,3,910112,164,1,1,0,1,1221.5,1221.5,-11.74,-11.74,1,0
75,4,910276,164,18,18,16,2,1315.7,11438.8,-54.61,58.43,7,11
76,5,910440,164,1,1,1,0,10268.6,10268.6,5.73,5.73,1,0
77,6,910604,164,2,2,2,0,7138.1,10223.5,-0.82,1.37,1,1
78,7,910768,164,16,16,11,5,1437.8,11447.0,-47.24,50.24,5,11
79,8,910932,164,1,1,1,0,3808.9,3808.9,135.74,135.74,1,0
80,9,911096,164,3,3,2,1,2112.0,3787.3,-1.09,131.21,1,2
81,10,911260,164,2,2,1,1,1677.2,12095.4,-30.31,2.46,2,0
82,11,911424,164,3,3,2,1,1680.4,5012.8,2.18,7.65,3,0
83,12,911588,164,3,3,3,0,2801.5,5013.3,-6.01,14.74,3,0
84,13,911752,164,2,2,1,1,2160.6,2779.2,-0.82,15.56,1,1
85,14,911916,164,1,1,0,1,1703.9,1703.9,-3.82,-3.82,0,1
86,15,912080,164,1,1,1,0,2658.7,2658.7,1.37,1.37,1,0
87,16,912244,164,1,1,1,0,2658.3,2658.3,-2.18,-2.18,1,0
88,0,912408,164,1,1,1,0,8686.1,8686.1,9.01,9.01,1,0
89,1,912572,164,0,0,0,0,0.0,0.0,0.00,0.00,0,0
90,2,912736,164,1,1,0,1,1250.5,1250.5,-11.74,-11.74,1,0
91,3,912900,164,1,1,0,1,1263.7,1263.7,-11.74,-11.74,1,0
92,4,913064,164,14,14,13,1,1319.2,11438.9,-46.14,37.13,7,7
93,5,913228,164,1,1,0,1,786.7,786.7,6.83,6.83,1,0
94,6,913392,164,1,1,0,1,786.8,786.8,7.10,7.10,1,0
95,7,913556,164,13,13,10,3,1506.4,10717.8,-36.31,122.17,6,7
96,8,913720,164,6,6,5,1,1750.4,4771.8,-13.57,52.15,5,1
97,9,913884,164,0,0,0,0,0.0,0.0,0.00,0.00,0,0
98,10,914048,164,5,5,4,1,1673.1,12565.2,-31.13,-0.82,5,0
99,11,914212,164,1,1,1,0,2850.9,2850.9,1.64,1.64,1,0
100,12,914376,164,5,5,4,1,1891.7,10672.3,-6.01,66.89,5,0
101,13,914540,164,0,0,0,0,0.0,0.0,0.00,0.00,0,0
102,14,914704,164,0,0,0,0,0.0,0.0,0.00,0.00,0,0
103,15,914868,164,1,1,1,0,5947.2,5947.2,30.31,30.31,1,0
104,16,915032,164,0,0,0,0,0.0,0.0,0.00,0.00,0,0
105,0,915196,164,0,0,0,0,0.0,0.0,0.00,0.00,0,0
106,1,915360,164,0,0,0,0,0.0,0.0,0.00,0.00,0,0
107,2,915524,164,1,1,0,1,1289.4,1289.4,-12.01,-12.01,1,0
108,3,915688,164,1,1,0,1,1289.2,1289.2,-12.01,-12.01,1,0
109,4,915852,164,15,15,11,4,1324.1,11439.2,-67.71,38.50,6,9
110,5,916016,164,1,1,1,0,2778.8,2778.8,-6.28,-6.28,1,0
111,6,916180,164,1,1,1,0,7094.0,7094.0,1.91,1.91,1,0
112,7,916344,164,13,13,9,4,1506.8,10717.9,-42.32,113.11,7,6
113,8,916508,164,3,3,3,0,2356.4,4701.6,-11.52,113.11,2,1
114,9,916672,164,0,0,0,0,0.0,0.0,0.00,0.00,0,0
115,10,916836,164,3,3,3,0,3594.5,4671.9,-3.28,0.82,3,0
116,11,917000,164,1,1,0,1,1533.2,1533.2,-9.28,-9.28,1,0
117,12,917164,164,2,2,1,1,1792.7,3858.8,-3.55,6.28,2,0
118,13,917328,164,1,1,1,0,2682.4,2682.4,16.66,16.66,1,0
119,14,917492,164,1,1,1,0,4967.0,4967.0,3.55,3.55,1,0
120,15,917656,164,3,3,3,0,2539.3,9904.2,-47.78,-1.37,2,1
121,16,917820,164,0,0,0,0,0.0,0.0,0.00,0.00,0,0
122,0,917984,164,0,0,0,0,0.0,0.0,0.00,0.00,0,0
123,1,918148,164,0,0,0,0,0.0,0.0,0.00,0.00,0,0
124,2,918312,164,2,2,0,2,1319.1,1322.1,-12.01,7.37,2,0
125,3,918476,164,1,1,0,1,1319.9,1319.9,-12.01,-12.01,1,0
126,4,918640,164,17,17,16,1,741.4,11439.4,-57.61,67.71,11,6
127,5,918804,164,2,2,0,2,741.0,1196.5,8.46,9.05,2,0
128,6,918968,164,2,2,2,0,4641.2,7100.4,-3.28,103.66,2,0
129,7,919132,164,16,16,12,4,1432.3,11204.3,-64.44,99.54,7,9
130,8,919296,164,5,5,4,1,2088.7,11129.2,-5.73,5.73,5,0
131,9,919460,164,5,5,5,0,1962.7,12705.2,-13.11,6.83,3,2
132,10,919624,164,2,2,2,0,2107.0,4699.3,-3.28,-1.37,2,0
133,11,919788,164,2,2,1,1,1534.3,3907.5,-9.01,-8.19,1,1
134,12,919952,164,2,2,1,1,1414.3,2417.7,-0.82,3.82,1,1
135,13,920116,164,0,0,0,0,0.0,0.0,0.00,0.00,0,0
136,14,920280,164,1,1,1,0,2586.5,2586.5,-1.37,-1.37,0,1
137,15,920444,164,3,3,2,1,2248.1,4530.8,-6.83,0.82,2,1
138,16,920608,164,0,0,0,0,0.0,0.0,0.00,0.00,0,0
139,0,920772,164,0,0,0,0,0.0,0.0,0.00,0.00,0,0
140,1,920936,164,0,0,0,0,0.0,0.0,0.00,0.00,0,0
141,2,921100,164,3,3,1,2,1292.8,2993.3,-11.74,8.46,3,0
142,3,921264,164,1,1,0,1,1360.0,1360.0,-11.74,-11.74,1,0
143,4,921428,164,15,15,14,1,717.7,11439.0,-51.06,47.51,7,8
144,5,921592,164,1,1,1,0,3379.3,3379.3,-0.82,-0.82,0,1
145,6,921756,164,2,2,2,0,4377.2,5803.8,21.84,86.38,2,0
146,7,921920,164,16,16,13,3,1727.9,10718.2,-33.86,86.38,7,9
147,8,922084,164,2,2,2,0,3451.0,4677.7,-7.10,6.83,1,1
148,9,922248,164,1,1,0,1,1074.0,1074.0,-1.64,-1.64,1,0
149,10,922412,164,3,3,3,0,2537.7,4676.0,-4.10,2.46,3,0
150,11,922576,164,2,2,1,1,524.1,2417.9,-41.50,-1.91,2,0
151,12,922740,164,1,1,0,1,1965.2,1965.2,8.46,8.46,1,0
152,13,922904,164,2,2,1,1,1488.7,2609.3,-2.18,5.73,2,0
153,14,923068,164,1,1,1,0,2779.3,2779.3,9.01,9.01,0,1
154,15,923232,164,1,1,1,0,2680.7,2680.7,-1.37,-1.37,0,1
155,16,923396,164,2,2,2,0,2659.0,12615.7,-46.69,-6.55,2,0
156,0,923560,164,1,1,0,1,2038.6,2038.6,67.71,67.71,1,0
157,1,923724,164,0,0,0,0,0.0,0.0,0.00,0.00,0,0
158,2,923888,164,2,2,0,2,1268.5,1386.2,-11.74,8.46,2,0
159,3,924052,164,1,1,0,1,1387.9,1387.9,-11.74,-11.74,1,0
160,4,924216,164,15,15,13,2,710.8,11439.1,-68.81,52.15,8,7
161,5,924380,164,1,1,1,0,2802.4,2802.4,-3.00,-3.00,1,0
162,6,924544,164,3,3,3,0,4142.5,11487.6,-4.37,74.86,3,0
163,7,924708,164,14,14,11,3,382.4,10718.6,-17.20,47.51,9,5
164,8,924872,164,5,5,3,2,1027.2,4654.6,-3.00,9.28,3,2
165,9,925036,164,3,3,1,2,1392.3,3642.0,-5.19,0.82,1,2
166,10,925200,164,2,2,2,0,3595.1,4817.6,-4.10,1.37,2,0
167,11,925364,164,2,2,1,1,522.4,3953.9,-46.14,-5.19,2,0
168,12,925528,164,3,3,3,0,2633.8,3954.4,-13.11,-4.37,3,0
169,13,925692,164,0,0,0,0,0.0,0.0,0.00,0.00,0,0
170,14,925856,164,2,2,2,0,4912.9,4913.6,13.92,14.20,2,0
171,15,926020,164,0,0,0,0,0.0,0.0,0.00,0.00,0,0
172,16,926184,164,2,2,0,2,1634.0,1697.6,1.09,12.56,0,2
173,0,926348,164,0,0,0,0,0.0,0.0,0.00,0.00,0,0
174,1,926512,164,0,0,0,0,0.0,0.0,0.00,0.00,0,0
175,2,926676,164,3,3,1,2,1240.4,2217.1,-178.52,7.92,3,0
176,3,926840,164,1,1,0,1,1418.1,1418.1,-11.74,-11.74,1,0
177,4,927004,164,13,13,12,1,692.4,11439.4,-66.89,66.35,8,5
178,5,927168,164,3,3,3,0,2777.3,3971.4,7.65,57.59,3,0
179,6,927332,164,4,4,4,0,3966.4,11486.6,-1.37,57.59,3,1
180,7,927496,164,16,16,12,4,1418.1,12087.1,-3.55,53.79,6,10
181,8,927660,164,4,4,2,2,691.1,4647.8,-0.82,3.55,3,1
182,9,927824,164,1,1,0,1,1391.0,1391.0,-0.82,-0.82,0,1
183,10,927988,164,2,2,2,0,4722.0,4837.6,-3.55,-1.91,2,0
184,11,928152,164,0,0,0,0,0.0,0.0,0.00,0.00,0,0
185,12,928316,164,1,1,1,0,3906.3,3906.3,-3.28,-3.28,1,0
186,13,928480,164,2,2,1,1,1917.9,2658.0,-9.28,-3.28,2,0
187,14,928644,164,1,1,1,0,4892.7,4892.7,4.64,4.64,1,0
188,15,928808,164,3,3,1,2,2158.1,4577.3,-4.64,3.28,2,1
189,16,928972,164,3,3,1,2,1343.7,5032.9,-57.88,1.91,2,1
190,0,929136,164,0,0,0,0,0.0,0.0,0.00,0.00,0,0
191,1,929300,164,2,2,1,1,1577.5,2033.3,-68.81,5.73,2,0
192,2,929464,164,1,1,0,1,1457.4,1457.4,-11.74,-11.74,1,0
193,3,929628,164,1,1,0,1,669.0,669.0,9.56,9.56,1,0
194,4,929792,164,17,17,14,3,666.9,11439.3,-54.06,46.96,9,8
195,5,929956,164,3,3,3,0,2753.2,3849.5,14.47,40.31,3,0
196,6,930120,164,2,2,1,1,815.8,3666.0,2.46,15.29,1,1
197,7,930284,164,17,17,12,5,1028.7,11445.1,-43.14,31.67,8,9
198,8,930448,164,2,2,2,0,3378.7,4648.6,-5.73,6.28,1,1
199,9,930612,164,3,3,0,3,1394.0,2135.4,-1.09,1.09,0,3
200,10,930776,164,2,2,1,1,1918.3,4817.9,-1.64,0.82,1,1
201,11,930940,164,2,2,1,1,1288.9,3929.9,-1.37,4.10,2,0
202,12,931104,164,0,0,0,0,0.0,0.0,0.00,0.00,0,0
203,13,931268,164,0,0,0,0,0.0,0.0,0.00,0.00,0,0
204,14,931432,164,0,0,0,0,0.0,0.0,0.00,0.00,0,0
205,15,931596,164,1,1,0,1,2234.4,2234.4,-0.82,-0.82,0,1
206,16,931760,164,1,1,1,0,3569.6,3569.6,1.09,1.09,0,1
207,0,931924,164,0,0,0,0,0.0,0.0,0.00,0.00,0,0
208,1,932088,164,2,2,0,2,981.5,1100.2,4.37,8.19,2,0
209,2,932252,164,1,1,0,1,1485.2,1485.2,-11.74,-11.74,1,0
210,3,932416,164,0,0,0,0,0.0,0.0,0.00,0.00,0,0
211,4,932580,164,18,18,18,0,1457.3,11439.1,-40.68,59.25,11,7
212,5,932744,164,4,4,4,0,2729.6,10140.2,5.19,17.28,4,0
213,6,932908,164,2,2,2,0,3617.7,11465.1,4.10,11.74,2,0
214,7,933072,164,14,14,9,5,1027.1,10718.8,-4.10,53.24,7,7
215,8,933236,164,4,4,2,2,1390.7,4669.9,-7.10,0.82,2,2
216,9,933400,164,2,2,1,1,2136.1,3547.2,-7.10,0.82,1,1
217,10,933564,164,3,3,2,1,1937.1,4839.9,-1.09,1.64,2,1
218,11,933728,164,3,3,1,2,1293.8,3930.5,-3.55,0.82,2,1
219,12,933892,164,3,3,3,0,3714.3,3954.0,-6.83,7.10,3,0
220,13,934056,164,1,1,1,0,2610.9,2610.9,1.37,1.37,0,1
221,14,934220,164,0,0,0,0,0.0,0.0,0.00,0.00,0,0
222,15,934384,164,2,2,1,1,2249.3,2825.2,-3.00,0.82,1,1
223,16,934548,164,1,1,1,0,2537.5,2537.5,1.37,1.37,1,0
224,0,934712,164,0,0,0,0,0.0,0.0,0.00,0.00,0,0
225,1,934876,164,0,0,0,0,0.0,0.0,0.00,0.00,0,0
226,2,935040,164,1,1,0,1,1513.6,1513.6,-11.74,-11.74,1,0
227,3,935204,164,2,2,2,0,3729.7,3730.5,11.52,11.52,2,0
228,4,935368,164,20,20,19,1,1315.5,11439.3,-66.62,67.71,12,8
229,5,935532,164,1,1,1,0,2658.2,2658.2,3.82,3.82,1,0
230,6,935696,164,0,0,0,0,0.0,0.0,0.00,0.00,0,0
231,7,935860,164,15,15,10,5,1050.5,10718.4,-59.52,69.62,3,12
232,8,936024,164,1,1,1,0,4676.5,4676.5,-5.19,-5.19,1,0
233,9,936188,164,3,3,0,3,1371.0,2140.5,-0.82,0.82,0,3
234,10,936352,164,5,5,4,1,1898.3,8561.7,-4.91,61.43,4,1
235,11,936516,164,4,4,2,2,571.2,3931.6,-57.61,3.28,3,1
236,12,936680,164,2,2,2,0,3715.1,5276.2,-5.73,3.00,2,0
237,13,936844,164,0,0,0,0,0.0,0.0,0.00,0.00,0,0
238,14,937008,164,0,0,0,0,0.0,0.0,0.00,0.00,0,0
239,15,937172,164,0,0,0,0,0.0,0.0,0.00,0.00,0,0
240,16,937336,164,2,2,1,1,1676.0,4168.2,-6.28,0.82,1,1
241,0,937500,164,0,0,0,0,0.0,0.0,0.00,0.00,0,0
242,1,937664,164,1,1,0,1,983.1,983.1,-1.09,-1.09,1,0
243,2,937828,164,0,0,0,0,0.0,0.0,0.00,0.00,0,0
244,3,937992,164,2,2,2,0,3750.8,3750.9,-17.28,-17.28,2,0
245,4,938156,164,15,15,12,3,1315.4,11439.4,-37.95,47.24,8,7
246,5,938320,164,1,1,1,0,10214.8,10214.8,4.37,4.37,1,0
247,6,938484,164,1,1,1,0,11462.9,11462.9,4.91,4.91,1,0
248,7,938648,164,17,17,10,7,549.7,10718.4,-60.89,50.24,7,10
249,8,938812,164,4,4,2,2,1124.4,4771.3,-3.55,-0.82,2,2
250,9,938976,164,2,2,0,2,1274.0,1918.1,-0.82,0.82,1,1
251,10,939140,164,2,2,0,2,1847.1,1916.5,-0.82,-0.82,0,2
252,11,939304,164,1,1,0,1,429.7,429.7,-54.61,-54.61,1,0
253,12,939468,164,1,1,0,1,1508.3,1508.3,-3.28,-3.28,1,0
254,13,939632,164,1,1,1,0,3114.1,3114.1,-10.38,-10.38,0,1
255,14,939796,164,0,0,0,0,0.0,0.0,0.00,0.00,0,0
256,15,939960,164,1,1,1,0,4410.1,4410.1,-40.41,-40.41,1,0
257,16,940124,164,1,1,1,0,2849.6,2849.6,-1.64,-1.64,0,1
258,0,940288,164,0,0,0,0,0.0,0.0,0.00,0.00,0,0
259,1,940452,164,0,0,0,0,0.0,0.0,0.00,0.00,0,0
260,2,940616,164,3,3,2,1,1536.4,3806.0,-34.55,4.91,3,0
261,3,940780,164,6,6,5,1,1174.8,5561.9,-36.20,7.65,5,1
262,4,940944,164,16,16,15,1,1339.9,11439.2,-64.16,69.08,6,10
263,5,941108,164,0,0,0,0,0.0,0.0,0.00,0.00,0,0
264,6,941272,164,0,0,0,0,0.0,0.0,0.00,0.00,0,0
265,7,941436,164,12,12,8,4,550.2,10718.0,-14.74,52.97,6,6
266,8,941600,164,3,3,2,1,1122.8,4701.6,-4.91,5.46,2,1
267,9,941764,164,3,3,2,1,1920.5,4074.4,-3.55,1.64,1,2
268,10,941928,164,4,4,3,1,686.9,4815.1,-3.00,1.91,3,1
269,11,942092,164,4,4,1,3,576.0,3931.1,-6.83,64.44,4,0
270,12,942256,164,1,1,1,0,3952.9,3952.9,5.46,5.46,1,0
271,13,942420,164,2,2,2,0,2514.7,5273.5,6.83,11.47,2,0
272,14,942584,164,2,2,1,1,1560.8,4888.4,-3.55,1.09,1,1
273,15,942748,164,1,1,0,1,1535.8,1535.8,0.82,0.82,0,1
274,16,942912,164,0,0,0,0,0.0,0.0,0.00,0.00,0,0
275,0,943076,164,0,0,0,0,0.0,0.0,0.00,0.00,0,0
276,1,943240,164,1,1,0,1,955.1,955.1,1.37,1.37,1,0
277,2,943404,164,3,3,2,1,1623.8,3924.6,-51.83,-12.01,3,0
278,3,943568,164,2,2,1,1,1056.1,3940.0,-51.83,4.91,2,0
279,4,943732,164,16,16,16,0,1457.8,12689.0,-67.71,54.33,8,8
280,5,943896,164,1,1,1,0,2705.2,2705.2,-9.83,-9.83,1,0
281,6,944060,164,0,0,0,0,0.0,0.0,0.00,0.00,0,0
282,7,944224,164,14,14,10,4,1027.7,10718.4,-3.55,67.17,7,7
283,8,944388,164,4,4,2,2,1026.2,4719.0,-4.64,2.46,2,2
284,9,944552,164,3,3,1,2,1383.8,3568.6,-0.82,0.82,1,2
285,10,944716,164,3,3,1,2,668.5,4649.1,-1.64,1.09,2,1
286,11,944880,164,1,1,1,0,5081.2,5081.2,4.64,4.64,1,0
287,12,945044,164,1,1,1,0,3929.9,3929.9,1.91,1.91,1,0
288,13,945208,164,1,1,1,0,3161.9,3161.9,-6.01,-6.01,1,0
289,14,945372,164,0,0,0,0,0.0,0.0,0.00,0.00,0,0
290,15,945536,164,1,1,1,0,9327.9,9327.9,21.84,21.84,1,0
291,16,945700,164,1,1,1,0,3257.8,3257.8,1.37,1.37,0,1
292,0,945864,164,0,0,0,0,0.0,0.0,0.00,0.00,0,0
293,1,946028,164,3,3,2,1,959.7,4083.4,-63.34,8.74,3,0
294,2,946192,164,2,2,2,0,4090.3,4091.0,-63.34,-63.34,2,0
295,3,946356,164,0,0,0,0,0.0,0.0,0.00,0.00,0,0
296,4,946520,164,16,16,14,2,1318.1,11439.3,-59.80,36.59,6,10
297,5,946684,164,0,0,0,0,0.0,0.0,0.00,0.00,0,0
298,6,946848,164,1,1,1,0,7020.9,7020.9,9.01,9.01,1,0
299,7,947012,164,14,14,8,6,1050.7,10718.3,-55.70,57.61,5,9
300,8,947176,164,3,3,1,2,315.4,4723.6,-1.91,1.64,1,2
301,9,947340,164,1,1,0,1,1678.2,1678.2,-5.46,-5.46,1,0
302,10,947504,164,4,4,1,3,1291.4,4772.5,-1.91,0.82,3,1
303,11,947668,164,0,0,0,0,0.0,0.0,0.00,0.00,0,0
304,12,947832,164,1,1,1,0,5246.6,5246.6,2.46,2.46,1,0
305,13,947996,164,2,2,0,2,1486.9,1847.1,-3.82,4.10,2,0
306,14,948160,164,1,1,1,0,4915.9,4915.9,-8.19,-8.19,1,0
307,15,948324,164,3,3,2,1,1195.7,5223.4,-3.55,-1.64,2,1
308,16,948488,164,0,0,0,0,0.0,0.0,0.00,0.00,0,0
309,0,948652,164,0,0,0,0,0.0,0.0,0.00,0.00,0,0
310,1,948816,164,3,3,2,1,936.6,4280.4,-74.86,10.92,3,0
311,2,948980,164,2,2,1,1,1680.7,4299.9,-74.86,-12.01,2,0
312,3,949144,164,3,3,1,2,644.3,12088.5,0.82,4.64,2,1
313,4,949308,164,13,13,11,2,1313.8,11439.0,-21.30,55.97,6,7
314,5,949472,164,2,2,2,0,2731.2,10049.0,3.28,4.37,2,0
315,6,949636,164,0,0,0,0,0.0,0.0,0.00,0.00,0,0
316,7,949800,164,17,17,11,6,451.6,10745.5,-30.31,57.34,7,10
317,8,949964,164,4,4,1,3,1033.5,4725.3,-3.28,1.37,1,3
318,9,950128,164,3,3,1,2,1334.6,3640.7,-9.28,-0.82,1,2
319,10,950292,164,2,2,1,1,1294.2,2130.7,-2.73,-1.09,2,0
320,11,950456,164,2,2,2,0,3930.8,10097.1,-5.19,51.60,2,0
321,12,950620,164,0,0,0,0,0.0,0.0,0.00,0.00,0,0
322,13,950784,164,0,0,0,0,0.0,0.0,0.00,0.00,0,0
323,14,950948,164,4,4,1,3,404.4,4941.6,-61.16,-1.37,4,0
324,15,951112,164,1,1,1,0,5221.9,5221.9,5.73,5.73,1,0
325,16,951276,164,1,1,1,0,2466.6,2466.6,-1.09,-1.09,0,1
326,0,951440,164,0,0,0,0,0.0,0.0,0.00,0.00,0,0
327,1,951604,164,2,2,1,1,932.6,4515.9,-80.62,6.28,2,0
328,2,951768,164,1,1,0,1,907.9,907.9,6.55,6.55,1,0
329,3,951932,164,2,2,2,0,2899.4,12090.1,-1.09,4.37,1,1
330,4,952096,164,15,15,12,3,1313.3,11439.4,-27.85,62.25,7,8
331,5,952260,164,1,1,1,0,2728.9,2728.9,7.37,7.37,1,0
332,6,952424,164,1,1,1,0,12497.8,12497.8,67.71,67.71,1,0
333,7,952588,164,14,14,9,5,1057.8,11443.1,-44.78,24.30,6,8
334,8,952752,164,2,2,0,2,1049.8,1913.4,-0.82,0.82,0,2
335,9,952916,164,5,5,2,3,259.8,3569.9,-1.37,11.47,3,2
336,10,953080,164,2,2,0,2,1844.5,1895.3,-0.82,0.82,0,2
337,11,953244,164,2,2,2,0,3954.3,3954.8,-7.10,-7.10,2,0
338,12,953408,164,0,0,0,0,0.0,0.0,0.00,0.00,0,0
339,13,953572,164,0,0,0,0,0.0,0.0,0.00,0.00,0,0
340,14,953736,164,0,0,0,0,0.0,0.0,0.00,0.00,0,0
341,15,953900,164,0,0,0,0,0.0,0.0,0.00,0.00,0,0
342,16,954064,164,2,2,1,1,1224.6,1615.4,-4.64,149.72,2,0
343,0,954228,164,1,1,0,1,230.6,230.6,4.64,4.64,1,0
344,1,954392,164,3,3,0,3,216.7,929.0,-4.91,3.28,3,0
345,2,954556,164,0,0,0,0,0.0,0.0,0.00,0.00,0,0
346,3,954720,164,2,2,1,1,1483.4,12134.2,-0.82,3.00,1,1
347,4,954884,164,16,16,15,1,1335.9,12136.6,-58.16,3.00,8,8
348,5,955048,164,1,1,1,0,2728.6,2728.6,-9.56,-9.56,1,0
349,6,955212,164,0,0,0,0,0.0,0.0,0.00,0.00,0,0
350,7,955376,164,14,14,10,4,1507.5,10718.1,-63.34,40.14,4,10
351,8,955540,164,5,5,3,2,1319.8,4765.4,-11.52,0.82,2,3
352,9,955704,164,3,3,1,2,1392.8,3258.0,-1.09,12.29,1,2
353,10,955868,164,2,2,1,1,1937.8,3185.9,-9.28,0.82,1,1
354,11,956032,164,2,2,1,1,2230.9,3976.3,-46.14,-3.28,2,0
355,12,956196,164,2,2,2,0,2611.1,4192.9,-7.65,-3.55,2,0
356,13,956360,164,0,0,0,0,0.0,0.0,0.00,0.00,0,0
357,14,956524,164,1,1,0,1,1916.7,1916.7,3.55,3.55,0,1
358,15,956688,164,2,2,0,2,573.7,2304.5,-2.46,16.93,1,1
359,16,956852,164,0,0,0,0,0.0,0.0,0.00,0.00,0,0
360,0,957016,164,1,1,1,0,3183.5,3183.5,-95.02,-95.02,1,0
361,1,957180,164,3,3,0,3,236.0,935.9,-4.10,7.92,3,0
362,2,957344,164,2,2,1,1,890.5,8994.1,-7.37,7.92,1,1
363,3,957508,164,1,1,1,0,2827.3,2827.3,1.64,1.64,1,0
364,4,957672,164,19,19,16,3,1313.0,11439.4,-45.87,67.44,7,12
365,5,957836,164,0,0,0,0,0.0,0.0,0.00,0.00,0,0
366,6,958000,164,1,1,1,0,2490.2,2490.2,2.73,2.73,1,0
367,7,958164,164,15,15,9,6,551.2,10718.3,-63.07,26.48,4,11
368,8,958328,164,2,2,1,1,2087.8,4771.6,-0.82,5.73,1,1
369,9,958492,164,2,2,1,1,1144.6,3544.6,0.82,3.28,1,1
370,10,958656,164,4,4,3,1,1936.2,4747.8,-9.01,-0.82,3,1
371,11,958820,164,0,0,0,0,0.0,0.0,0.00,0.00,0,0
372,12,958984,164,1,1,1,0,1985.7,1985.7,-4.37,-4.37,1,0
373,13,959148,164,1,1,1,0,11036.7,11036.7,-7.10,-7.10,1,0
374,14,959312,164,1,1,0,1,1560.4,1560.4,-1.09,-1.09,0,1
375,15,959476,164,2,2,2,0,2227.4,9788.1,-45.32,16.11,1,1
376,16,959640,164,0,0,0,0,0.0,0.0,0.00,0.00,0,0
377,0,959804,164,3,3,1,2,232.9,3452.1,-99.54,6.83,3,0
378,1,959968,164,2,2,0,2,880.0,912.2,8.46,9.28,2,0
379,2,960132,164,1,1,0,1,880.1,880.1,8.74,8.74,1,0
380,3,960296,164,2,2,2,0,2609.9,12138.5,0.82,4.64,2,0
381,4,960460,164,15,15,13,2,1317.8,11439.2,-10.92,53.52,8,7
382,5,960624,164,1,1,0,1,2251.8,2251.8,0.82,0.82,0,1
383,6,960788,164,2,2,2,0,2754.0,6926.5,-1.37,5.46,2,0
384,7,960952,164,11,11,7,4,910.9,11469.2,-57.34,50.24,3,8
385,8,961116,164,5,5,4,1,2083.0,4793.1,-7.10,17.47,3,2
386,9,961280,164,2,2,1,1,1129.2,5486.4,-4.64,-0.82,1,1
387,10,961444,164,4,4,2,2,1340.0,4793.8,-7.65,-0.82,3,1
388,11,961608,164,4,4,2,2,573.6,3497.8,-7.65,51.88,2,2
389,12,961772,164,2,2,1,1,1576.3,3499.4,-3.55,1.09,2,0
390,13,961936,164,1,1,0,1,2078.1,2078.1,-0.82,-0.82,0,1
391,14,962100,164,1,1,0,1,1991.6,1991.6,-3.28,-3.28,1,0
392,15,962264,164,3,3,3,0,1649.9,11775.4,-167.00,15.29,2,1
393,16,962428,164,0,0,0,0,0.0,0.0,0.00,0.00,0,0
394,0,962592,164,2,2,1,1,232.5,3740.2,-104.07,-4.37,2,0
395,1,962756,164,3,3,0,3,215.8,888.0,-4.91,8.74,3,0
396,2,962920,164,2,2,0,2,866.6,887.0,-3.82,9.56,2,0
397,3,963084,164,0,0,0,0,0.0,0.0,0.00,0.00,0,0
398,4,963248,164,16,16,13,3,959.5,11439.0,-22.39,60.34,8,8
399,5,963412,164,1,1,1,0,2753.5,2753.5,4.64,4.64,1,0
400,6,963576,164,1,1,1,0,2730.9,2730.9,-3.82,-3.82,1,0
401,7,963740,164,14,14,10,4,545.3,11461.7,-55.70,48.87,7,7
402,8,963904,164,5,5,5,0,2057.6,4816.0,-9.01,12.29,3,2
403,9,964068,164,3,3,2,1,1006.2,3520.9,-2.18,9.56,2,1
404,10,964232,164,1,1,0,1,1132.0,1132.0,0.82,0.82,0,1
405,11,964396,164,2,2,0,2,1604.7,1985.2,-1.09,1.09,0,2
406,12,964560,164,2,2,1,1,1583.1,3978.7,-4.10,-3.82,2,0
407,13,964724,164,2,2,2,0,2321.7,9159.1,-1.37,3.00,2,0
408,14,964888,164,1,1,0,1,1560.7,1560.7,-0.82,-0.82,0,1
409,15,965052,164,1,1,1,0,5201.7,5201.7,-2.73,-2.73,1,0
410,16,965216,164,1,1,1,0,2467.3,2467.3,1.37,1.37,0,1
411,0,965380,164,1,1,1,0,4042.3,4042.3,-108.59,-108.59,1,0
412,1,965544,164,2,2,0,2,238.4,867.7,-4.37,6.01,2,0
413,2,965708,164,1,1,0,1,864.6,864.6,7.65,7.65,1,0
414,3,965872,164,0,0,0,0,0.0,0.0,0.00,0.00,0,0
415,4,966036,164,21,21,17,4,1315.5,11439.2,-48.87,60.89,10,11
416,5,966200,164,0,0,0,0,0.0,0.0,0.00,0.00,0,0
417,6,966364,164,1,1,1,0,2729.1,2729.1,12.01,12.01,1,0
418,7,966528,164,16,16,8,8,547.2,10718.6,-62.53,68.81,6,10
419,8,966692,164,5,5,3,2,1248.2,4838.7,-5.46,12.29,2,3
420,9,966856,164,1,1,0,1,1130.1,1130.1,0.82,0.82,0,1
421,10,967020,164,1,1,0,1,981.1,981.1,-0.82,-0.82,0,1
422,11,967184,164,3,3,1,2,1916.3,4001.7,-7.65,1.09,1,2
423,12,967348,164,1,1,1,0,2657.3,2657.3,-6.83,-6.83,1,0
424,13,967512,164,0,0,0,0,0.0,0.0,0.00,0.00,0,0
425,14,967676,164,2,2,2,0,4962.9,5156.6,-10.38,1.37,2,0
426,15,967840,164,0,0,0,0,0.0,0.0,0.00,0.00,0,0
427,16,968004,164,1,1,1,0,2681.2,2681.2,1.09,1.09,0,1
428,0,968168,164,1,1,0,1,257.9,257.9,-6.55,-6.55,1,0
429,1,968332,164,1,1,0,1,256.9,256.9,-6.83,-6.83,1,0
430,2,968496,164,3,3,1,2,832.9,11684.8,-3.55,11.19,3,0
431,3,968660,164,2,2,2,0,2873.5,8469.0,-0.82,1.64,1,1
432,4,968824,164,15,15,13,2,1322.7,11439.1,-48.33,13.38,5,10
433,5,968988,164,2,2,2,0,2201.1,10003.8,2.46,5.46,2,0
434,6,969152,164,1,1,1,0,2682.1,2682.1,9.01,9.01,1,0
435,7,969316,164,12,12,8,4,1487.4,10718.4,-56.52,45.05,6,6
436,8,969480,164,4,4,2,2,1294.3,4844.3,-5.73,9.83,0,4
437,9,969644,164,2,2,2,0,3497.7,5490.6,-6.55,6.01,2,0
438,10,969808,164,2,2,2,0,4625.5,4741.4,-2.18,-0.82,2,0
439,11,969972,164,3,3,2,1,2012.0,5201.6,-42.05,-3.00,3,0
440,12,970136,164,0,0,0,0,0.0,0.0,0.00,0.00,0,0
441,13,970300,164,0,0,0,0,0.0,0.0,0.00,0.00,0,0
442,14,970464,164,2,2,2,0,2321.5,3546.6,-1.91,5.73,2,0
443,15,970628,164,2,2,1,1,1288.7,4290.4,-4.64,-3.82,2,0
444,16,970792,164,1,1,1,0,4265.9,4265.9,-3.55,-3.55,1,0
445,0,970956,164,1,1,0,1,280.9,280.9,-8.19,-8.19,1,0
446,1,971120,164,2,2,0,2,265.5,530.1,-8.19,5.73,2,0
447,2,971284,164,2,2,1,1,833.6,2730.2,-5.19,4.64,2,0
448,3,971448,164,0,0,0,0,0.0,0.0,0.00,0.00,0,0
449,4,971612,164,21,21,17,4,1320.2,11438.8,-66.08,66.89,6,15
450,5,971776,164,1,1,1,0,9997.8,9997.8,4.64,4.64,1,0
451,6,971940,164,3,3,3,0,2658.2,9496.9,-20.20,6.01,3,0
452,7,972104,164,15,15,9,6,1731.8,11446.9,-46.42,51.33,5,10
453,8,972268,164,2,2,2,0,3041.1,3473.6,3.55,9.28,2,0
454,9,972432,164,4,4,3,1,1249.1,3475.1,1.09,9.28,3,1
455,10,972596,164,2,2,2,0,3475.1,4746.0,-2.46,4.91,2,0
456,11,972760,164,4,4,3,1,1004.0,4051.5,-12.01,-0.82,3,1
457,12,972924,164,3,3,2,1,1584.3,5249.2,-4.37,1.37,2,1
458,13,973088,164,1,1,0,1,1317.8,1317.8,-3.55,-3.55,1,0
459,14,973252,164,0,0,0,0,0.0,0.0,0.00,0.00,0,0
460,15,973416,164,1,1,1,0,1985.2,1985.2,18.57,18.57,1,0
461,16,973580,164,0,0,0,0,0.0,0.0,0.00,0.00,0,0
462,0,973744,164,1,1,0,1,291.9,291.9,-9.01,-9.01,1,0
463,1,973908,164,2,2,1,1,1154.8,10552.7,-54.33,9.05,2,0
464,2,974072,164,2,2,1,1,855.0,6349.8,-4.64,35.49,2,0
465,3,974236,164,2,2,2,0,2777.7,4434.4,4.64,52.70,2,0
466,4,974400,164,21,21,18,3,1315.3,11438.8,-66.62,55.97,6,15
467,5,974564,164,1,1,0,1,932.5,932.5,3.28,3.28,1,0
468,6,974728,164,1,1,0,1,952.2,952.2,3.55,3.55,1,0
469,7,974892,164,17,17,13,4,1508.8,10718.6,-47.78,51.33,8,9
470,8,975056,164,4,4,3,1,2274.2,4435.3,2.46,7.65,3,1
471,9,975220,164,1,1,1,0,3016.8,3016.8,6.55,6.55,1,0
472,10,975384,164,2,2,2,0,2226.1,9497.1,25.94,57.88,2,0
473,11,975548,164,6,6,3,3,504.1,6234.0,-39.32,31.67,4,2
474,12,975712,164,1,1,1,0,3568.6,3568.6,1.91,1.91,1,0
475,13,975876,164,1,1,1,0,2514.3,2514.3,-3.55,-3.55,1,0
476,14,976040,164,1,1,1,0,2032.7,2032.7,-3.28,-3.28,1,0
477,15,976204,164,0,0,0,0,0.0,0.0,0.00,0.00,0,0
478,16,976368,164,1,1,0,1,1993.5,1993.5,-2.46,-2.46,1,0
479,0,976532,164,1,1,0,1,330.7,330.7,-6.83,-6.83,1,0
480,1,976696,164,0,0,0,0,0.0,0.0,0.00,0.00,0,0
481,2,976860,164,2,2,0,2,840.9,841.7,2.73,3.00,2,0
482,3,977024,164,1,1,1,0,2850.1,2850.1,1.37,1.37,1,0
483,4,977188,164,13,13,12,1,1443.4,11439.2,-64.16,57.88,7,6
484,5,977352,164,0,0,0,0,0.0,0.0,0.00,0.00,0,0
485,6,977516,164,1,1,1,0,2610.9,2610.9,19.39,19.39,1,0
486,7,977680,164,14,14,9,5,1487.7,11445.8,-2.46,51.88,6,8
487,8,977844,164,4,4,3,1,1938.8,3378.9,-0.82,3.55,3,1
488,9,978008,164,4,4,3,1,2107.8,3331.3,-0.82,7.10,3,1
489,10,978172,164,3,3,1,2,1008.0,2203.0,0.82,1.91,1,2
490,11,978336,164,2,2,1,1,964.3,4123.6,-11.74,0.82,1,1
491,12,978500,164,2,2,2,0,3665.4,5275.7,-9.01,-4.64,2,0
492,13,978664,164,0,0,0,0,0.0,0.0,0.00,0.00,0,0
493,14,978828,164,0,0,0,0,0.0,0.0,0.00,0.00,0,0
494,15,978992,164,3,3,1,2,573.5,4722.6,-2.18,10.38,2,1
495,16,979156,164,1,1,0,1,1892.2,1892.2,9.28,9.28,0,1
496,0,979320,164,2,2,0,2,338.9,430.9,-6.01,-6.01,2,0
497,1,979484,164,0,0,0,0,0.0,0.0,0.00,0.00,0,0
498,2,979648,164,4,4,1,3,832.4,2705.2,-67.17,10.92,4,0
499,3,979812,164,3,3,1,2,834.8,2778.6,-9.83,10.92,3,0
500,4,979976,164,15,15,13,2,509.1,11438.8,-1.64,57.34,9,6
501,5,980140,164,0,0,0,0,0.0,0.0,0.00,0.00,0,0
502,6,980304,164,1,1,0,1,931.5,931.5,3.55,3.55,1,0
503,7,980468,164,15,15,9,6,1483.6,10718.1,-48.05,49.15,5,10
504,8,980632,164,4,4,0,4,1273.5,2105.8,-12.83,0.82,1,3
505,9,980796,164,5,5,3,2,1053.5,5534.8,-8.46,34.84,2,3
506,10,980960,164,3,3,3,0,3474.5,4721.2,-3.82,-0.82,3,0
507,11,981124,164,7,7,4,3,981.6,7239.4,-36.31,1.09,4,3
508,12,981288,164,1,1,1,0,5300.5,5300.5,-4.91,-4.91,1,0
509,13,981452,164,2,2,2,0,5057.6,10288.0,-59.25,-8.19,2,0
510,14,981616,164,5,5,5,0,2345.6,5225.5,-7.92,-1.37,5,0
511,15,981780,164,1,1,1,0,4743.1,4743.1,-0.82,-0.82,1,0
512,16,981944,164,2,2,2,0,2754.8,3403.1,-54.06,1.09,1,1
513,0,982108,164,1,1,0,1,360.7,360.7,-8.19,-8.19,1,0
514,1,982272,164,0,0,0,0,0.0,0.0,0.00,0.00,0,0
515,2,982436,164,2,2,0,2,807.7,808.7,3.28,3.28,2,0
516,3,982600,164,1,1,1,0,2778.3,2778.3,8.19,8.19,1,0
517,4,982764,164,18,18,14,4,1316.4,12211.4,-31.13,46.42,9,9
518,5,982928,164,2,2,2,0,9853.7,10022.5,3.82,4.64,2,0
519,6,983092,164,4,4,4,0,2538.9,11469.8,-2.46,13.38,3,1
520,7,983256,164,21,21,13,8,1460.7,10718.2,-60.07,60.34,9,12
521,8,983420,164,5,5,3,2,1119.8,4193.4,-11.52,3.28,2,3
522,9,983584,164,2,2,1,1,1273.3,2992.8,-0.82,6.83,1,1
523,10,983748,164,2,2,1,1,1991.8,4146.1,-0.82,0.82,0,2
524,11,983912,164,5,5,2,3,453.6,4170.6,-6.28,40.14,3,2
525,12,984076,164,3,3,2,1,1265.9,5245.9,-2.73,7.10,3,0
526,13,984240,164,0,0,0,0,0.0,0.0,0.00,0.00,0,0
527,14,984404,164,1,1,1,0,4841.1,4841.1,6.01,6.01,1,0
528,15,984568,164,2,2,1,1,1841.9,4410.9,-3.82,13.38,1,1
529,16,984732,164,1,1,0,1,1389.9,1389.9,-6.55,-6.55,1,0
530,0,984896,164,1,1,0,1,381.9,381.9,-6.55,-6.55,1,0
531,1,985060,164,1,1,0,1,385.4,385.4,-6.55,-6.55,1,0
532,2,985224,164,0,0,0,0,0.0,0.0,0.00,0.00,0,0
533,3,985388,164,1,1,1,0,2803.1,2803.1,5.19,5.19,1,0
534,4,985552,164,19,19,18,1,1457.7,11439.2,-69.35,63.07,12,7
535,5,985716,164,1,1,1,0,9928.8,9928.8,4.91,4.91,1,0
536,6,985880,164,3,3,3,0,2657.8,11469.7,-2.18,9.28,2,1
537,7,986044,164,16,16,11,5,1509.4,10718.6,-47.51,38.23,6,10
538,8,986208,164,2,2,2,0,2010.6,3378.7,2.18,5.19,2,0
539,9,986372,164,3,3,3,0,1290.3,12641.9,-1.09,11.74,2,1
540,10,986536,164,2,2,2,0,2969.2,4628.9,-1.64,4.64,2,0
541,11,986700,164,3,3,3,0,3689.8,8224.1,-33.04,1.64,3,0
542,12,986864,164,1,1,1,0,3643.3,3643.3,0.82,0.82,1,0
543,13,987028,164,1,1,0,1,1272.0,1272.0,-2.46,-2.46,1,0
544,14,987192,164,1,1,0,1,1560.5,1560.5,-0.82,-0.82,0,1
545,15,987356,164,1,1,0,1,1814.6,1814.6,4.64,4.64,1,0
546,16,987520,164,0,0,0,0,0.0,0.0,0.00,0.00,0,0
547,0,987684,164,0,0,0,0,0.0,0.0,0.00,0.00,0,0
548,1,987848,164,2,2,1,1,404.7,10649.0,-4.91,5.19,2,0
549,2,988012,164,3,3,0,3,816.3,1842.8,-11.74,-3.28,3,0
550,3,988176,164,2,2,2,0,2801.0,2848.9,-1.64,1.09,2,0
551,4,988340,164,18,18,17,1,1319.4,11439.1,-54.61,58.70,6,12
552,5,988504,164,0,0,0,0,0.0,0.0,0.00,0.00,0,0
553,6,988668,164,2,2,2,0,2656.5,11490.4,-4.10,13.65,1,1
554,7,988832,164,18,18,10,8,1437.2,11460.7,-17.75,68.26,6,12
555,8,988996,164,19,19,9,10,502.4,10816.3,-60.61,58.16,8,11
556,9,989160,164,2,2,1,1,1271.6,3306.6,0.82,1.64,1,1
557,10,989324,164,2,2,2,0,2946.4,3929.0,3.00,3.55,2,0
558,11,989488,164,1,1,1,0,5201.7,5201.7,8.19,8.19,1,0
559,12,989652,164,2,2,2,0,3665.8,5301.1,-3.00,1.91,2,0
560,13,989816,164,0,0,0,0,0.0,0.0,0.00,0.00,0,0
561,14,989980,164,1,1,1,0,2369.2,2369.2,-1.64,-1.64,1,0
562,15,990144,164,0,0,0,0,0.0,0.0,0.00,0.00,0,0
563,16,990308,164,0,0,0,0,0.0,0.0,0.00,0.00,0,0
564,0,990472,164,0,0,0,0,0.0,0.0,0.00,0.00,0,0
565,1,990636,164,3,3,0,3,409.2,866.0,-8.19,-3.00,3,0
566,2,990800,164,1,1,0,1,831.6,831.6,-4.91,-4.91,1,0
567,3,990964,164,1,1,0,1,1870.0,1870.0,-11.74,-11.74,1,0
568,4,991128,164,16,16,14,2,1336.1,11439.0,-29.49,69.35,9,7
569,5,991292,164,3,3,1,2,745.1,9979.2,-0.82,3.55,2,1
570,6,991456,164,2,2,2,0,2585.0,2608.5,-12.56,9.83,2,0
571,7,991620,164,11,11,7,4,450.5,10718.2,-58.70,41.23,6,5
572,8,991784,164,10,10,6,4,574.0,10765.9,-30.58,12.56,3,7
573,9,991948,164,4,4,2,2,1268.5,5611.7,-10.38,0.82,1,3
574,10,992112,164,4,4,1,3,1264.4,2945.6,-6.28,5.46,2,2
575,11,992276,164,3,3,2,1,498.9,4773.4,-48.87,-1.37,3,0
576,12,992440,164,3,3,3,0,3569.6,5317.0,-9.28,1.91,3,0
577,13,992604,164,0,0,0,0,0.0,0.0,0.00,0.00,0,0
578,14,992768,164,1,1,0,1,1648.6,1648.6,-3.55,-3.55,0,1
579,15,992932,164,1,1,0,1,1846.9,1846.9,-11.74,-11.74,1,0
580,16,993096,164,1,1,0,1,1941.9,1941.9,22.12,22.12,1,0
581,0,993260,164,0,0,0,0,0.0,0.0,0.00,0.00,0,0
582,1,993424,164,3,3,0,3,448.8,842.5,-9.56,-8.46,3,0
583,2,993588,164,4,4,1,3,435.0,1889.5,-11.74,-8.46,4,0
584,3,993752,164,1,1,1,0,2753.0,2753.0,4.64,4.64,1,0
585,4,993916,164,15,15,13,2,1334.3,11439.0,-40.68,53.79,6,9
586,5,994080,164,2,2,1,1,361.6,2608.9,-3.28,21.84,2,0
587,6,994244,164,0,0,0,0,0.0,0.0,0.00,0.00,0,0
588,7,994408,164,19,19,11,8,1437.8,10718.4,-42.32,66.89,6,13
589,8,994572,164,18,18,9,9,599.0,10823.3,-49.15,33.86,10,8
590,9,994736,164,2,2,1,1,2108.0,3331.5,0.55,4.91,1,1
591,10,994900,164,2,2,1,1,1122.9,2921.7,12.56,26.48,1,1
592,11,995064,164,3,3,3,0,3690.7,4724.7,-12.01,-2.18,3,0
593,12,995228,164,3,3,3,0,3736.9,5326.3,-6.28,1.64,3,0
594,13,995392,164,0,0,0,0,0.0,0.0,0.00,0.00,0,0
595,14,995556,164,2,2,2,0,2369.9,2851.0,-2.46,22.12,1,1
596,15,995720,164,1,1,0,1,1865.2,1865.2,5.73,5.73,1,0
597,16,995884,164,1,1,1,0,3232.9,3232.9,1.64,1.64,1,0
598,0,996048,164,0,0,0,0,0.0,0.0,0.00,0.00,0,0
599,1,996212,164,1,1,0,1,455.8,455.8,-9.56,-9.56,1,0
600,2,996376,164,1,1,0,1,1938.2,1938.2,-11.74,-11.74,1,0
601,3,996540,164,1,1,0,1,1938.5,1938.5,-12.01,-12.01,1,0
602,4,996704,164,17,17,15,2,357.6,11439.0,-50.24,22.39,6,11
603,5,996868,164,1,1,1,0,9814.7,9814.7,4.91,4.91,1,0
604,6,997032,164,2,2,2,0,2538.4,11464.1,-5.73,7.10,2,0
605,7,997196,164,18,18,12,6,307.3,10718.4,-63.89,69.90,8,10
606,8,997360,164,18,18,9,9,480.8,10770.7,-20.75,67.17,8,10
607,9,997524,164,2,2,2,0,2922.4,5636.2,0.82,4.64,1,1
608,10,997688,164,3,3,3,0,2874.9,4818.8,-2.73,14.47,2,1
609,11,997852,164,2,2,1,1,1627.8,3715.7,-8.19,1.09,1,1
610,12,998016,164,1,1,1,0,5276.1,5276.1,-7.65,-7.65,1,0
611,13,998180,164,0,0,0,0,0.0,0.0,0.00,0.00,0,0
612,14,998344,164,1,1,1,0,2371.0,2371.0,-1.64,-1.64,1,0
613,15,998508,164,2,2,0,2,1840.3,1890.6,2.18,11.74,2,0
614,16,998672,164,1,1,1,0,2538.2,2538.2,-1.09,-1.09,0,1
615,0,998836,164,0,0,0,0,0.0,0.0,0.00,0.00,0,0
616,1,999000,164,1,1,0,1,891.6,891.6,-10.65,-10.65,1,0
617,2,999164,164,3,3,0,3,494.5,1965.1,-11.74,-7.92,3,0
618,3,999328,164,3,3,1,2,499.4,2778.5,-7.65,3.00,2,1
619,4,999492,164,14,14,12,2,1319.5,11439.1,-4.64,60.34,5,9
620,5,999656,164,0,0,0,0,0.0,0.0,0.00,0.00,0,0
621,6,999820,164,3,3,3,0,2537.7,11466.8,-3.55,6.01,3,0
622,7,999984,164,17,17,9,8,280.6,10718.3,-69.62,24.85,4,13
623,8,1000148,164,14,14,8,6,546.9,11899.8,-58.98,31.95,10,4
624,9,1000312,164,3,3,2,1,1004.8,2107.0,-1.09,5.73,1,2
625,10,1000476,164,3,3,1,2,957.0,2849.6,0.82,11.19,1,2
626,11,1000640,164,6,6,3,3,429.5,4823.1,-11.47,21.02,5,1
627,12,1000804,164,3,3,3,0,4360.9,5348.1,-11.47,-10.65,3,0
628,13,1000968,164,0,0,0,0,0.0,0.0,0.00,0.00,0,0
629,14,1001132,164,1,1,1,0,2371.4,2371.4,-1.91,-1.91,1,0
630,15,1001296,164,1,1,0,1,1799.0,1799.0,14.74,14.74,1,0
631,16,1001460,164,1,1,1,0,4506.8,4506.8,38.23,38.23,1,0
632,0,1001624,164,1,1,0,1,2133.0,2133.0,9.01,9.01,1,0
633,1,1001788,164,0,0,0,0,0.0,0.0,0.00,0.00,0,0
634,2,1001952,164,3,3,0,3,506.5,1995.8,-11.74,2.46,3,0
635,3,1002116,164,2,2,2,0,2753.3,3160.6,5.46,51.60,2,0
636,4,1002280,164,18,18,16,2,1316.3,11439.0,-4.64,60.89,8,10
637,5,1002444,164,3,3,2,1,2250.4,4530.4,-0.82,6.01,2,1
638,6,1002608,164,2,2,1,1,283.7,2586.9,-2.46,5.73,2,0
639,7,1002772,164,16,16,12,4,1488.1,10718.5,-49.15,64.71,7,9
640,8,1002936,164,16,16,8,8,594.6,10772.9,-53.79,66.89,9,7
641,9,1003100,164,0,0,0,0,0.0,0.0,0.00,0.00,0,0
642,10,1003264,164,3,3,3,0,3713.0,4771.9,-3.28,4.91,3,0
643,11,1003428,164,4,4,3,1,453.3,3809.2,-26.48,9.56,4,0
644,12,1003592,164,3,3,2,1,1177.4,5390.9,-13.92,-1.37,2,1
645,13,1003756,164,1,1,0,1,1178.0,1178.0,-0.82,-0.82,0,1
646,14,1003920,164,1,1,0,1,1584.0,1584.0,-3.28,-3.28,1,0
647,15,1004084,164,0,0,0,0,0.0,0.0,0.00,0.00,0,0
648,16,1004248,164,0,0,0,0,0.0,0.0,0.00,0.00,0,0
649,0,1004412,164,0,0,0,0,0.0,0.0,0.00,0.00,0,0
650,1,1004576,164,1,1,0,1,955.7,955.7,-9.56,-9.56,1,0
651,2,1004740,164,2,2,0,2,955.3,2034.2,-11.74,-9.56,2,0
652,3,1004904,164,0,0,0,0,0.0,0.0,0.00,0.00,0,0
653,4,1005068,164,15,15,13,2,1318.5,11606.3,-58.98,66.08,6,9
654,5,1005232,164,0,0,0,0,0.0,0.0,0.00,0.00,0,0
655,6,1005396,164,0,0,0,0,0.0,0.0,0.00,0.00,0,0
656,7,1005560,164,17,17,12,5,1437.0,10718.3,-48.33,65.80,9,8
657,8,1005724,164,14,14,8,6,1245.7,10817.1,-69.08,39.86,5,9
658,9,1005888,164,3,3,3,0,3235.4,5589.9,7.10,8.19,3,0
659,10,1006052,164,3,3,3,0,4556.4,4700.0,-2.46,-1.37,3,0
660,11,1006216,164,1,1,1,0,4411.1,4411.1,-11.74,-11.74,1,0
661,12,1006380,164,5,5,4,1,1179.2,5370.0,-4.64,3.55,3,2
662,13,1006544,164,1,1,0,1,1986.6,1986.6,-4.91,-4.91,1,0
663,14,1006708,164,0,0,0,0,0.0,0.0,0.00,0.00,0,0
664,15,1006872,164,1,1,0,1,1708.6,1708.6,18.84,18.84,1,0
665,16,1007036,164,2,2,2,0,2920.8,3641.0,-1.09,0.82,1,1
666,0,1007200,164,0,0,0,0,0.0,0.0,0.00,0.00,0,0
667,1,1007364,164,1,1,0,1,979.0,979.0,-8.46,-8.46,1,0
668,2,1007528,164,0,0,0,0,0.0,0.0,0.00,0.00,0,0
669,3,1007692,164,1,1,0,1,891.0,891.0,0.82,0.82,0,1
670,4,1007856,164,15,15,13,2,1325.4,11439.0,-61.16,46.42,10,5
671,5,1008020,164,0,0,0,0,0.0,0.0,0.00,0.00,0,0
672,6,1008184,164,2,2,1,1,2206.6,2586.2,0.82,12.29,1,1
673,7,1008348,164,15,15,9,6,551.3,11443.9,-26.76,69.90,7,8
674,8,1008512,164,14,14,6,8,548.2,10770.8,-54.06,29.21,4,10
675,9,1008676,164,2,2,2,0,3210.8,5584.7,3.82,11.19,2,0
676,10,1008840,164,0,0,0,0,0.0,0.0,0.00,0.00,0,0
677,11,1009004,164,5,5,2,3,1370.1,4769.4,-10.92,9.28,2,3
678,12,1009168,164,3,3,1,2,1486.2,2755.1,-1.09,10.38,1,2
679,13,1009332,164,1,1,0,1,1538.3,1538.3,-0.82,-0.82,1,0
680,14,1009496,164,0,0,0,0,0.0,0.0,0.00,0.00,0,0
681,15,1009660,164,3,3,2,1,573.2,2848.8,-1.64,1.91,1,2
682,16,1009824,164,0,0,0,0,0.0,0.0,0.00,0.00,0,0
683,0,1009988,164,0,0,0,0,0.0,0.0,0.00,0.00,0,0
684,1,1010152,164,0,0,0,0,0.0,0.0,0.00,0.00,0,0
685,2,1010316,164,0,0,0,0,0.0,0.0,0.00,0.00,0,0
686,3,1010480,164,2,2,1,1,888.5,2729.2,-0.82,49.15,1,1
687,4,1010644,164,15,15,14,1,1322.6,11439.1,-21.84,69.62,7,8
688,5,1010808,164,0,0,0,0,0.0,0.0,0.00,0.00,0,0
689,6,1010972,164,2,2,0,2,286.8,2178.5,-10.65,-0.82,1,1
690,7,1011136,164,15,15,8,7,547.1,11448.2,-54.06,4.64,7,8
691,8,1011300,164,11,11,6,5,1266.2,10886.6,-13.11,40.41,4,7
692,9,1011464,164,1,1,0,1,2151.5,2151.5,-0.82,-0.82,0,1
693,10,1011628,164,3,3,2,1,1316.3,4695.5,-6.28,1.09,1,2
694,11,1011792,164,5,5,1,4,454.5,3786.4,-0.82,9.83,1,4
695,12,1011956,164,3,3,3,0,2731.5,12402.3,-16.38,4.64,2,1
696,13,1012120,164,0,0,0,0,0.0,0.0,0.00,0.00,0,0
697,14,1012284,164,2,2,2,0,4744.6,4750.3,-3.55,-3.55,2,0
698,15,1012448,164,0,0,0,0,0.0,0.0,0.00,0.00,0,0
699,16,1012612,164,1,1,0,1,1608.5,1608.5,14.20,14.20,0,1
700,0,1012776,164,0,0,0,0,0.0,0.0,0.00,0.00,0,0
701,1,1012940,164,1,1,1,0,10485.6,10485.6,4.91,4.91,1,0
702,2,1013104,164,0,0,0,0,0.0,0.0,0.00,0.00,0,0
703,3,1013268,164,0,0,0,0,0.0,0.0,0.00,0.00,0,0
704,4,1013432,164,18,18,16,2,1334.9,11439.2,-57.61,48.33,8,10
705,5,1013596,164,1,1,1,0,2585.8,2585.8,6.83,6.83,1,0
706,6,1013760,164,1,1,0,1,2160.3,2160.3,0.82,0.82,0,1
707,7,1013924,164,16,16,8,8,1435.5,10718.5,-38.77,60.89,3,13
708,8,1014088,164,17,17,4,13,1227.7,10819.4,-51.88,46.14,8,9
709,9,1014252,164,1,1,1,0,4363.5,4363.5,-1.09,-1.09,0,1
710,10,1014416,164,3,3,1,2,2252.5,4673.4,-2.46,-1.09,2,1
711,11,1014580,164,5,5,4,1,1438.6,3762.0,-6.55,7.92,3,2
712,12,1014744,164,6,6,4,2,1539.6,5373.2,-11.74,8.46,4,2
713,13,1014908,164,1,1,0,1,1484.7,1484.7,-0.82,-0.82,0,1
714,14,1015072,164,1,1,1,0,4814.0,4814.0,-9.28,-9.28,1,0
715,15,1015236,164,0,0,0,0,0.0,0.0,0.00,0.00,0,0
716,16,1015400,164,0,0,0,0,0.0,0.0,0.00,0.00,0,0
717,0,1015564,164,0,0,0,0,0.0,0.0,0.00,0.00,0,0
718,1,1015728,164,1,1,0,1,1047.8,1047.8,-6.83,-6.83,1,0
719,2,1015892,164,2,2,1,1,739.6,10436.7,0.82,5.19,2,0
720,3,1016056,164,1,1,1,0,2681.1,2681.1,1.37,1.37,1,0
721,4,1016220,164,24,24,22,2,643.8,11439.1,-58.16,54.61,10,14
722,5,1016384,164,0,0,0,0,0.0,0.0,0.00,0.00,0,0
723,6,1016548,164,2,2,2,0,10528.1,11486.4,-60.34,-3.82,1,1
724,7,1016712,164,13,13,11,2,1722.5,11458.8,-59.80,66.62,7,6
725,8,1016876,164,18,18,7,11,547.2,10773.2,-19.39,65.80,11,7
726,9,1017040,164,2,2,1,1,2041.1,5516.5,-0.82,4.91,1,1
727,10,1017204,164,2,2,1,1,1072.7,4554.9,-2.18,0.82,1,1
728,11,1017368,164,5,5,2,3,525.1,4553.9,-59.52,1.09,4,1
729,12,1017532,164,7,7,7,0,2081.7,5393.5,-12.56,9.83,7,0
730,13,1017696,164,0,0,0,0,0.0,0.0,0.00,0.00,0,0
731,14,1017860,164,1,1,1,0,5151.4,5151.4,-11.47,-11.47,1,0
732,15,1018024,164,0,0,0,0,0.0,0.0,0.00,0.00,0,0
733,16,1018188,164,0,0,0,0,0.0,0.0,0.00,0.00,0,0
734,0,1018352,164,0,0,0,0,0.0,0.0,0.00,0.00,0,0
735,1,1018516,164,0,0,0,0,0.0,0.0,0.00,0.00,0,0
736,2,1018680,164,0,0,0,0,0.0,0.0,0.00,0.00,0,0
737,3,1018844,164,0,0,0,0,0.0,0.0,0.00,0.00,0,0
738,4,1019008,164,22,22,18,4,666.8,11895.1,-69.62,34.13,13,9
739,5,1019172,164,0,0,0,0,0.0,0.0,0.00,0.00,0,0
740,6,1019336,164,1,1,1,0,6736.8,6736.8,13.11,13.11,1,0
741,7,1019500,164,17,17,10,7,552.8,11460.1,-53.79,49.69,6,11
742,8,1019664,164,9,9,6,3,1745.4,11848.7,-66.89,44.78,1,8
743,9,1019828,164,3,3,2,1,2104.8,5226.5,-1.09,0.82,1,2
744,10,1019992,164,0,0,0,0,0.0,0.0,0.00,0.00,0,0
745,11,1020156,164,9,9,5,4,572.9,5514.4,-48.87,1.37,7,2
746,12,1020320,164,6,6,4,2,1576.8,4601.3,-13.65,10.38,4,2
747,13,1020484,164,2,2,1,1,812.8,3667.3,-0.82,11.52,2,0
748,14,1020648,164,0,0,0,0,0.0,0.0,0.00,0.00,0,0
749,15,1020812,164,1,1,0,1,1985.9,1985.9,-3.55,-3.55,1,0
750,16,1020976,164,1,1,1,0,3451.1,3451.1,1.09,1.09,0,1
751,0,1021140,164,0,0,0,0,0.0,0.0,0.00,0.00,0,0
752,1,1021304,164,0,0,0,0,0.0,0.0,0.00,0.00,0,0
753,2,1021468,164,1,1,1,0,10460.2,10460.2,-0.82,-0.82,1,0
754,3,1021632,164,0,0,0,0,0.0,0.0,0.00,0.00,0,0
755,4,1021796,164,12,12,10,2,1389.9,11439.0,-65.26,62.80,4,8
756,5,1021960,164,0,0,0,0,0.0,0.0,0.00,0.00,0,0
757,6,1022124,164,2,2,0,2,2081.7,2207.0,-0.82,0.82,0,2
758,7,1022288,164,17,17,12,5,1486.7,11442.5,-62.80,36.59,7,10
759,8,1022452,164,17,17,7,10,425.2,10772.2,-64.16,66.35,9,8
760,9,1022616,164,3,3,1,2,1798.6,5490.5,0.82,5.19,2,1
761,10,1022780,164,3,3,2,1,1862.8,4650.9,-1.09,6.01,2,1
762,11,1022944,164,3,3,2,1,1653.5,4815.4,-4.91,7.92,3,0
763,12,1023108,164,3,3,2,1,1463.0,5442.9,-10.38,6.83,2,1
764,13,1023272,164,1,1,1,0,2635.8,2635.8,6.28,6.28,0,1
765,14,1023436,164,1,1,1,0,3377.8,3377.8,-23.48,-23.48,1,0
766,15,1023600,164,1,1,0,1,1728.7,1728.7,-2.18,-2.18,0,1
767,16,1023764,164,0,0,0,0,0.0,0.0,0.00,0.00,0,0
768,0,1023928,164,0,0,0,0,0.0,0.0,0.00,0.00,0,0
769,1,1024092,164,0,0,0,0,0.0,0.0,0.00,0.00,0,0
770,2,1024256,164,0,0,0,0,0.0,0.0,0.00,0.00,0,0
771,3,1024420,164,0,0,0,0,0.0,0.0,0.00,0.00,0,0
772,4,1024584,164,22,22,20,2,1314.0,11438.8,-26.21,36.04,14,8
773,5,1024748,164,0,0,0,0,0.0,0.0,0.00,0.00,0,0
774,6,1024912,164,1,1,0,1,2207.6,2207.6,-0.82,-0.82,0,1
775,7,1025076,164,10,10,7,3,1726.8,10718.2,-54.88,5.46,4,6
776,8,1025240,164,16,16,10,6,1267.5,10887.8,-5.73,69.35,5,11
777,9,1025404,164,1,1,1,0,2922.1,2922.1,1.09,1.09,0,1
778,10,1025568,164,4,4,2,2,1316.5,3161.3,-0.82,6.01,1,3
779,11,1025732,164,3,3,1,2,499.2,2087.7,-23.48,-0.82,1,2
780,12,1025896,164,4,4,3,1,1482.5,5608.9,-18.02,9.83,2,2
781,13,1026060,164,1,1,0,1,1462.0,1462.0,1.09,1.09,0,1
782,14,1026224,164,1,1,0,1,1969.7,1969.7,-7.10,-7.10,0,1
783,15,1026388,164,2,2,1,1,1548.8,4673.9,-7.10,-5.19,1,1
784,16,1026552,164,2,2,1,1,1843.9,2800.5,-0.82,1.09,0,2
785,0,1026716,164,1,1,0,1,1129.4,1129.4,-7.10,-7.10,1,0
786,1,1026880,164,0,0,0,0,0.0,0.0,0.00,0.00,0,0
787,2,1027044,164,0,0,0,0,0.0,0.0,0.00,0.00,0,0
788,3,1027208,164,0,0,0,0,0.0,0.0,0.00,0.00,0,0
789,4,1027372,164,14,14,14,0,1457.9,11439.0,-48.87,62.80,8,6
790,5,1027536,164,1,1,0,1,743.1,743.1,-4.64,-4.64,1,0
791,6,1027700,164,0,0,0,0,0.0,0.0,0.00,0.00,0,0
792,7,1027864,164,14,14,10,4,1054.8,11439.5,-14.20,11.52,4,10
793,8,1028028,164,17,17,6,11,476.7,10775.3,-65.26,65.80,8,9
794,9,1028192,164,5,5,3,2,935.5,4363.7,-3.28,4.37,2,3
795,10,1028356,164,2,2,2,0,2921.2,3139.7,-3.82,-1.09,1,1
796,11,1028520,164,5,5,3,2,1535.2,4816.1,-2.18,1.09,3,2
797,12,1028684,164,4,4,3,1,1576.0,6685.5,-3.55,3.82,3,1
798,13,1028848,164,1,1,1,0,2586.6,2586.6,3.55,3.55,1,0
799,14,1029012,164,0,0,0,0,0.0,0.0,0.00,0.00,0,0
800,15,1029176,164,1,1,0,1,1432.2,1432.2,-4.91,-4.91,1,0
801,16,1029340,164,0,0,0,0,0.0,0.0,0.00,0.00,0,0
802,0,1029504,164,0,0,0,0,0.0,0.0,0.00,0.00,0,0
803,1,1029668,164,1,1,1,0,10430.6,10430.6,6.01,6.01,1,0
804,2,1029832,164,1,1,0,1,1126.9,1126.9,1.37,1.37,1,0
805,3,1029996,164,1,1,1,0,12164.9,12164.9,0.82,0.82,1,0
806,4,1030160,164,16,16,15,1,1316.8,11438.9,-68.53,56.52,7,9
807,5,1030324,164,2,2,2,0,2610.2,4218.6,-52.97,14.74,2,0
808,6,1030488,164,1,1,0,1,2210.1,2210.1,0.82,0.82,0,1
809,7,1030652,164,13,13,7,6,1076.2,10717.8,-64.71,69.90,4,9
810,8,1030816,164,15,15,4,11,527.1,11945.3,-65.80,50.24,8,7
811,9,1030980,164,2,2,0,2,929.5,934.9,3.55,7.37,2,0
812,10,1031144,164,1,1,1,0,6090.3,6090.3,-18.57,-18.57,1,0
813,11,1031308,164,2,2,2,0,3833.0,4816.4,-4.10,0.82,2,0
814,12,1031472,164,5,5,4,1,1513.5,5705.0,-10.38,3.28,4,1
815,13,1031636,164,1,1,1,0,1481.9,1481.9,1.09,1.09,0,1
816,14,1031800,164,0,0,0,0,0.0,0.0,0.00,0.00,0,0
817,15,1031964,164,1,1,0,1,1369.9,1369.9,-1.91,-1.91,1,0
818,16,1032128,164,0,0,0,0,0.0,0.0,0.00,0.00,0,0
819,0,1032292,164,1,1,0,1,1168.0,1168.0,-6.28,-6.28,1,0
820,1,1032456,164,1,1,1,0,12231.7,12231.7,-48.05,-48.05,1,0
821,2,1032620,164,0,0,0,0,0.0,0.0,0.00,0.00,0,0
822,3,1032784,164,1,1,0,1,600.4,600.4,37.68,37.68,1,0
823,4,1032948,164,17,17,16,1,1443.1,11438.9,-65.53,29.21,9,8
824,5,1033112,164,0,0,0,0,0.0,0.0,0.00,0.00,0,0
825,6,1033276,164,0,0,0,0,0.0,0.0,0.00,0.00,0,0
826,7,1033440,164,16,16,9,7,1072.0,10717.8,-44.23,60.61,4,12
827,8,1033604,164,13,13,7,6,499.1,10820.2,-7.10,66.08,4,9
828,9,1033768,164,5,5,4,1,2037.2,6378.0,-0.82,25.39,3,2
829,10,1033932,164,5,5,5,0,2898.4,4363.2,-4.10,6.55,3,2
830,11,1034096,164,5,5,3,2,288.1,5518.6,-5.73,8.19,4,1
831,12,1034260,164,3,3,3,0,1481.2,5518.1,-4.91,1.09,1,2
832,13,1034424,164,0,0,0,0,0.0,0.0,0.00,0.00,0,0
833,14,1034588,164,0,0,0,0,0.0,0.0,0.00,0.00,0,0
834,15,1034752,164,0,0,0,0,0.0,0.0,0.00,0.00,0,0
835,16,1034916,164,0,0,0,0,0.0,0.0,0.00,0.00,0,0
836,0,1035080,164,0,0,0,0,0.0,0.0,0.00,0.00,0,0
837,1,1035244,164,0,0,0,0,0.0,0.0,0.00,0.00,0,0
838,2,1035408,164,0,0,0,0,0.0,0.0,0.00,0.00,0,0
839,3,1035572,164,0,0,0,0,0.0,0.0,0.00,0.00,0,0
840,4,1035736,164,17,17,14,3,742.4,11438.9,-54.06,66.08,9,8
841,5,1035900,164,1,1,1,0,2586.1,2586.1,10.38,10.38,1,0
842,6,1036064,164,1,1,1,0,2586.4,2586.4,13.38,13.38,1,0
843,7,1036228,164,17,17,9,8,1059.2,10717.6,-54.33,6.55,0,17
844,8,1036392,164,13,13,7,6,500.8,10772.7,-48.05,59.25,2,11
845,9,1036556,164,8,8,2,6,1387.4,5249.9,-0.82,4.64,1,7
846,10,1036720,164,7,7,3,4,859.6,5202.9,-0.82,4.75,5,2
847,11,1036884,164,10,10,7,3,528.9,5536.3,-13.92,46.14,6,4
848,12,1037048,164,8,8,5,3,1464.2,5537.1,-13.65,0.82,7,1
849,13,1037212,164,2,2,1,1,1193.4,2610.1,-6.83,1.09,1,1
850,14,1037376,164,3,3,2,1,616.4,4027.3,-6.01,0.82,2,1
851,15,1037540,164,4,4,2,2,255.2,4026.7,-1.91,5.73,2,2
852,16,1037704,164,5,5,3,2,242.1,3355.1,-1.91,1.09,1,4
853,0,1037868,164,6,6,5,1,1341.4,11413.5,-0.82,1.64,2,4
854,1,1038032,164,4,4,2,2,698.2,7197.0,-4.10,0.82,2,2
855,2,1038196,164,4,4,2,2,1606.8,6479.2,-11.74,16.38,3,1
856,3,1038360,164,5,5,4,1,886.4,11374.9,-0.82,62.25,4,1
857,4,1038524,164,21,21,16,5,408.2,11439.0,-51.88,17.75,7,14
858,5,1038688,164,2,2,0,2,381.4,740.7,-1.09,21.30,1,1
859,6,1038852,164,2,2,0,2,1032.5,2208.0,-0.82,0.82,0,2
860,7,1039016,164,15,15,6,9,1032.8,10717.6,-67.44,67.44,3,12
861,8,1039180,164,19,19,10,9,618.3,10815.5,-62.25,39.59,5,14
862,9,1039344,164,7,7,3,4,1318.3,5251.2,-55.15,1.09,3,4
863,10,1039508,164,9,9,6,3,359.0,5298.4,-4.10,22.94,4,5
864,11,1039672,164,9,9,6,3,717.3,5560.1,-6.83,1.37,5,4
865,12,1039836,164,7,7,7,0,1482.0,5806.6,-14.20,0.82,6,1
866,13,1040000,164,3,3,1,2,1178.4,2609.5,0.82,7.65,1,2
867,14,1040164,164,4,4,1,3,619.3,4048.8,-5.19,3.55,3,1
868,15,1040328,164,3,3,2,1,1943.9,4050.2,-2.46,1.09,3,0
869,16,1040492,164,2,2,1,1,242.8,2801.3,-0.82,-0.82,0,2
870,0,1040656,164,6,6,4,2,380.1,11413.6,-21.30,26.76,1,5
871,1,1040820,164,3,3,3,0,3402.2,7074.3,-0.55,4.37,3,0
872,2,1040984,164,4,4,2,2,670.8,6546.4,-32.49,0.55,2,2
873,3,1041148,164,5,5,4,1,1340.6,12159.8,-67.71,0.82,4,1
874,4,1041312,164,19,19,16,3,745.9,12162.6,-25.67,17.75,9,10
875,5,1041476,164,1,1,1,0,2539.3,2539.3,4.64,4.64,1,0
876,6,1041640,164,2,2,2,0,2539.2,11485.9,-2.46,2.46,1,1
877,7,1041804,164,10,10,6,4,600.4,10221.4,-26.21,22.39,2,8
878,8,1041968,164,17,17,8,9,600.0,10817.3,-46.69,42.32,3,14
879,9,1042132,164,7,7,2,5,710.7,4963.1,-1.37,0.82,0,7
880,10,1042296,164,6,6,5,1,1317.3,8031.6,-6.28,62.53,3,3
881,11,1042460,164,13,13,7,6,378.5,5566.2,-8.46,22.66,8,5
882,12,1042624,164,8,8,6,2,1345.8,5850.6,-12.83,0.82,7,1
883,13,1042788,164,1,1,0,1,2154.9,2154.9,-0.82,-0.82,0,1
884,14,1042952,164,5,5,4,1,744.6,4072.7,-0.82,3.28,3,2
885,15,1043116,164,5,5,1,4,254.9,4026.4,-4.37,1.37,2,3
886,16,1043280,164,3,3,1,2,242.4,4336.7,-1.37,1.64,1,2
887,0,1043444,164,5,5,4,1,1341.5,11400.0,-0.55,0.82,1,4
888,1,1043608,164,4,4,3,1,1776.9,7197.2,-0.82,0.82,3,1
889,2,1043772,164,3,3,2,1,1778.2,7197.8,-4.64,-0.55,2,1
890,3,1043936,164,4,4,3,1,452.6,11437.6,-67.17,0.82,3,1
891,4,1044100,164,24,24,20,4,1196.7,11439.3,-64.71,68.26,8,16
892,5,1044264,164,1,1,0,1,477.8,477.8,5.46,5.46,0,1
893,6,1044428,164,3,3,2,1,2114.0,11488.5,-2.46,12.01,2,1
894,7,1044592,164,13,13,6,7,550.2,11441.6,-1.09,54.06,3,10
895,8,1044756,164,14,14,6,8,602.0,10772.6,-32.76,47.51,3,11
896,9,1044920,164,5,5,1,4,1266.1,2441.3,-1.37,0.82,0,5
897,10,1045084,164,6,6,3,3,1291.7,3954.8,-13.11,2.46,3,3
898,11,1045248,164,7,7,5,2,1659.0,5878.2,-12.29,0.82,6,1
899,12,1045412,164,6,6,6,0,1530.6,10266.7,-30.03,6.83,4,2
900,13,1045576,164,2,2,1,1,1466.3,5225.7,0.82,1.09,2,0
901,14,1045740,164,8,8,5,3,618.2,4766.7,-3.55,4.91,4,4
902,15,1045904,164,2,2,1,1,1965.1,4025.9,-2.18,-0.82,2,0
903,16,1046068,164,6,6,1,5,242.0,2778.3,-1.91,1.91,1,5
904,0,1046232,164,7,7,6,1,1341.4,7764.7,-0.82,3.00,3,4
905,1,1046396,164,4,4,3,1,698.2,7197.9,-0.55,1.91,2,2
906,2,1046560,164,3,3,2,1,1778.3,6479.2,-11.74,-0.55,2,1
907,3,1046724,164,3,3,2,1,786.1,11438.3,-5.73,0.55,3,0
908,4,1046888,164,17,17,13,4,407.7,11439.3,-26.48,20.75,8,9
909,5,1047052,164,2,2,1,1,403.0,4313.7,0.82,20.75,0,2
910,6,1047216,164,1,1,1,0,11470.1,11470.1,-3.55,-3.55,1,0
911,7,1047380,164,15,15,7,8,597.8,10718.6,-29.76,30.85,3,12
912,8,1047544,164,20,20,11,9,602.5,10817.7,-27.30,45.60,6,14
913,9,1047708,164,6,6,3,3,1342.3,5492.1,-1.37,9.28,0,6
914,10,1047872,164,2,2,1,1,383.9,1985.8,-0.82,23.21,0,2
915,11,1048036,164,9,9,8,1,716.2,9665.6,-51.60,2.46,7,2
916,12,1048200,164,6,6,6,0,1577.5,7602.6,-14.20,1.37,5,1
917,13,1048364,164,2,2,1,1,1486.4,5055.5,-1.09,-0.55,1,1
918,14,1048528,164,5,5,3,2,1096.4,7146.2,0.82,42.05,4,1
919,15,1048692,164,5,5,2,3,573.0,4002.6,-1.91,5.19,3,2
920,16,1048856,164,3,3,2,1,254.4,3018.1,-4.37,1.09,1,2
921,0,1049020,164,4,4,2,2,1341.5,11558.7,-0.55,60.18,2,2
922,1,1049184,164,4,4,3,1,1777.1,7198.7,-1.37,1.64,2,2
923,2,1049348,164,3,3,1,2,1778.3,6479.1,-0.55,2.46,2,1
924,3,1049512,164,4,4,3,1,790.3,12186.1,-0.55,2.46,4,0
925,4,1049676,164,15,15,14,1,1442.8,12185.4,-67.71,5.73,8,7
926,5,1049840,164,0,0,0,0,0.0,0.0,0.00,0.00,0,0
927,6,1050004,164,3,3,1,2,1246.0,11487.2,-1.91,0.82,2,1
928,7,1050168,164,8,8,8,0,1745.9,10718.1,-7.65,17.47,2,6
929,8,1050332,164,20,20,8,12,600.8,10816.4,-50.24,66.08,4,16
930,9,1050496,164,5,5,3,2,1319.2,4960.0,-0.82,6.55,1,4
931,10,1050660,164,4,4,1,3,480.8,5032.7,-0.82,1.09,1,3
932,11,1050824,164,10,10,5,5,379.6,5656.1,-21.84,1.91,5,5
933,12,1050988,164,8,8,8,0,3595.1,5965.4,-13.11,-0.82,8,0
934,13,1051152,164,5,5,2,3,1178.2,3689.1,-3.55,1.09,4,1
935,14,1051316,164,6,6,4,2,617.1,4724.0,-3.00,1.09,5,1
936,15,1051480,164,5,5,4,1,1965.7,4723.8,0.82,4.64,4,1
937,16,1051644,164,2,2,2,0,1986.2,2776.9,-2.18,-1.37,1,1
938,0,1051808,164,4,4,3,1,1341.3,7605.5,-0.82,43.14,0,4
939,1,1051972,164,4,4,4,0,2563.2,7196.3,-11.74,0.82,2,2
940,2,1052136,164,3,3,2,1,1778.2,6479.5,-11.74,-0.55,2,1
941,3,1052300,164,6,6,4,2,454.8,12207.8,-2.18,15.29,5,1
942,4,1052464,164,22,22,19,3,770.5,11439.2,-39.86,66.35,10,12
943,5,1052628,164,2,2,0,2,382.2,477.7,-5.19,21.02,1,1
944,6,1052792,164,2,2,2,0,2707.1,11487.4,-2.73,1.91,2,0
945,7,1052956,164,11,11,8,3,549.2,11490.4,-2.73,34.40,2,9
946,8,1053120,164,20,20,10,10,522.4,10815.2,-66.62,41.50,6,14
947,9,1053284,164,4,4,0,4,481.9,2109.4,-1.09,0.82,0,4
948,10,1053448,164,7,7,3,4,359.6,5036.8,-29.76,9.28,4,3
949,11,1053612,164,10,10,5,5,359.0,5993.9,-13.11,8.19,4,6
950,12,1053776,164,6,6,5,1,2328.2,6642.1,-10.92,98.18,5,1
951,13,1053940,164,3,3,2,1,1553.5,5202.9,-1.91,0.82,3,0
952,14,1054104,164,4,4,2,2,1221.3,10913.9,-1.09,29.21,2,2
953,15,1054268,164,4,4,1,3,255.9,4024.2,-3.55,7.10,2,2
954,16,1054432,164,3,3,1,2,254.1,6233.9,-18.29,-0.82,1,2
955,0,1054596,164,3,3,3,0,3809.0,5610.4,-1.64,0.82,0,3
956,1,1054760,164,1,1,0,1,838.6,838.6,-0.82,-0.82,0,1
957,2,1054924,164,3,3,2,1,1778.0,6479.4,-11.74,0.55,2,1
958,3,1055088,164,7,7,4,3,453.1,12212.0,-64.98,3.28,5,2
959,4,1055252,164,17,17,16,1,782.6,11439.2,-52.70,27.85,10,7
960,5,1055416,164,4,4,3,1,782.8,4314.5,-3.28,12.56,3,1
961,6,1055580,164,2,2,2,0,9187.3,11491.3,-2.73,62.53,1,1
962,7,1055744,164,11,11,8,3,543.5,10718.7,-57.06,1.91,3,8
963,8,1055908,164,21,21,10,11,528.6,10817.1,-68.26,53.79,2,19
964,9,1056072,164,1,1,1,0,2394.7,2394.7,1.09,1.09,0,1
965,10,1056236,164,9,9,6,3,959.2,5228.7,-1.91,3.82,4,5
966,11,1056400,164,7,7,4,3,358.4,6023.4,-11.74,0.82,4,3
967,12,1056564,164,3,3,2,1,1577.6,5366.9,-3.55,-1.09,2,1
968,13,1056728,164,1,1,1,0,5105.2,5105.2,7.10,7.10,1,0
969,14,1056892,164,3,3,2,1,1098.9,5084.6,-1.37,6.55,2,1
970,15,1057056,164,4,4,4,0,1962.9,7911.4,-3.28,50.24,3,1
971,16,1057220,164,3,3,1,2,242.0,2730.3,0.82,1.37,0,3
972,0,1057384,164,0,0,0,0,0.0,0.0,0.00,0.00,0,0
973,1,1057548,164,4,4,4,0,2370.3,6999.8,-0.82,4.91,3,1
974,2,1057712,164,3,3,1,2,1778.1,6545.6,-26.48,0.82,1,2
975,3,1057876,164,0,0,0,0,0.0,0.0,0.00,0.00,0,0
976,4,1058040,164,15,15,15,0,1458.0,11439.1,-62.80,68.53,6,9
977,5,1058204,164,1,1,0,1,785.0,785.0,0.82,0.82,1,0
978,6,1058368,164,1,1,0,1,1008.9,1008.9,-0.82,-0.82,0,1
979,7,1058532,164,13,13,9,4,313.2,11441.0,-61.71,42.59,4,9
980,8,1058696,164,19,19,9,10,526.9,11968.6,-68.53,50.51,7,12
981,9,1058860,164,3,3,1,2,1315.7,2103.9,-0.82,1.64,0,3
982,10,1059024,164,7,7,5,2,501.9,4458.4,-1.09,1.64,4,3
983,11,1059188,164,6,6,4,2,451.9,6063.3,-10.65,0.55,5,1
984,12,1059352,164,3,3,2,1,1458.8,4938.9,-6.83,-0.82,2,1
985,13,1059516,164,3,3,2,1,1192.7,3762.1,-0.82,1.09,1,2
986,14,1059680,164,3,3,1,2,1081.1,2802.1,-0.82,8.74,0,3
987,15,1059844,164,2,2,2,0,2491.3,4701.3,-2.46,-1.37,2,0
988,16,1060008,164,1,1,1,0,3041.4,3041.4,-7.37,-7.37,1,0
989,0,1060172,164,1,1,0,1,403.4,403.4,19.93,19.93,0,1
990,1,1060336,164,5,5,3,2,625.8,6181.9,-40.96,0.82,1,4
991,2,1060500,164,2,2,1,1,739.8,2681.2,-11.74,-0.82,1,1
992,3,1060664,164,3,3,2,1,1268.8,11928.0,-38.77,2.46,2,1
993,4,1060828,164,19,19,17,2,1290.2,11439.2,-63.07,66.62,8,11
994,5,1060992,164,7,7,3,4,382.8,12473.2,-41.50,41.50,4,3
995,6,1061156,164,3,3,1,2,767.9,11464.7,2.46,8.46,2,1
996,7,1061320,164,10,10,8,2,599.1,10718.3,-12.01,22.39,1,9
997,8,1061484,164,16,16,5,11,503.7,10776.1,-49.69,60.34,3,13
998,9,1061648,164,3,3,3,0,2346.3,5468.8,-9.28,2.18,2,1
999,10,1061812,164,5,5,4,1,1864.0,3905.0,0.82,6.55,3,2
1000,11,1061976,164,7,7,4,3,931.6,6091.9,-10.92,1.37,5,2
1001,12,1062140,164,1,1,1,0,6091.1,6091.1,-10.92,-10.92,1,0
1002,13,1062304,164,3,3,1,2,1461.1,3713.4,-3.82,1.09,2,1
1003,14,1062468,164,3,3,1,2,1177.8,4049.6,-0.82,10.65,1,2
1004,15,1062632,164,2,2,2,0,3979.0,4027.2,-2.18,0.82,2,0
1005,16,1062796,164,2,2,0,2,242.2,380.9,-20.20,1.09,0,2
1006,0,1062960,164,1,1,1,0,3810.3,3810.3,-1.64,-1.64,0,1
1007,1,1063124,164,2,2,2,0,6998.1,7199.0,-1.91,0.82,2,0
1008,2,1063288,164,1,1,1,0,2706.5,2706.5,-11.74,-11.74,1,0
1009,3,1063452,164,2,2,2,0,11941.0,12209.8,-41.77,0.82,1,1
1010,4,1063616,164,16,16,15,1,1443.4,11439.4,-54.06,68.53,6,10
1011,5,1063780,164,3,3,1,2,381.3,2490.7,3.00,19.93,2,1
1012,6,1063944,164,6,6,4,2,740.0,11491.8,-4.64,11.74,4,2
1013,7,1064108,164,12,12,9,3,1677.8,11492.8,-11.74,61.98,3,9
1014,8,1064272,164,17,17,6,11,522.0,11947.4,-55.70,10.65,6,11
1015,9,1064436,164,5,5,5,0,1313.8,7578.1,-1.37,45.60,3,2
1016,10,1064600,164,5,5,3,2,1297.7,5152.6,-7.37,0.82,3,2
1017,11,1064764,164,5,5,4,1,1609.7,6118.2,-10.38,3.28,3,2
1018,12,1064928,164,3,3,2,1,813.8,5199.8,-11.52,2.18,2,1
1019,13,1065092,164,3,3,1,2,474.4,5202.2,-1.09,0.82,1,2
1020,14,1065256,164,3,3,1,2,1176.5,4844.6,-9.28,0.82,2,1
1021,15,1065420,164,2,2,1,1,2033.1,4002.4,-4.64,0.82,2,0
1022,16,1065584,164,2,2,2,0,2776.7,3546.0,-1.09,-0.55,0,2
1023,0,1065748,164,0,0,0,0,0.0,0.0,0.00,0.00,0,0
1024,1,1065912,164,2,2,2,0,7197.6,8558.5,-0.82,10.65,0,2
1025,2,1066076,164,2,2,1,1,651.1,2730.2,-11.74,0.82,1,1
1026,3,1066240,164,2,2,2,0,9879.5,12164.8,-62.53,-1.09,1,1
1027,4,1066404,164,17,17,13,4,407.8,11439.0,-5.46,67.71,7,10
1028,5,1066568,164,4,4,1,3,380.6,2681.2,-19.93,20.20,2,2
1029,6,1066732,164,7,7,2,5,477.0,4386.9,-41.77,9.83,4,3
1030,7,1066896,164,15,15,8,7,549.8,10717.6,-46.69,67.71,3,12
1031,8,1067060,164,14,14,6,8,521.5,10580.4,-69.08,34.95,7,7
1032,9,1067224,164,1,1,0,1,521.6,521.6,0.82,0.82,0,1
1033,10,1067388,164,4,4,3,1,2056.6,5131.0,-19.93,0.82,2,2
1034,11,1067552,164,10,10,6,4,447.9,6156.7,-41.50,42.05,7,3
1035,12,1067716,164,2,2,2,0,2874.8,4986.9,-4.64,19.93,1,1
1036,13,1067880,164,0,0,0,0,0.0,0.0,0.00,0.00,0,0
1037,14,1068044,164,1,1,1,0,4026.8,4026.8,1.09,1.09,1,0
1038,15,1068208,164,2,2,2,0,2033.4,4195.1,-8.46,41.77,2,0
1039,16,1068372,164,2,2,1,1,1650.1,2537.6,-1.37,1.91,1,1
1040,0,1068536,164,1,1,0,1,381.9,381.9,-19.11,-19.11,0,1
1041,1,1068700,164,5,5,3,2,619.5,12087.7,-26.48,63.07,3,2
1042,2,1068864,164,4,4,2,2,1459.3,7193.5,-11.74,19.66,1,3
1043,3,1069028,164,0,0,0,0,0.0,0.0,0.00,0.00,0,0
1044,4,1069192,164,13,13,10,3,450.0,11439.1,-4.37,45.87,6,7
1045,5,1069356,164,3,3,0,3,381.6,2129.1,-19.93,19.93,0,3
1046,6,1069520,164,4,4,2,2,690.6,9040.1,-60.34,7.10,4,0
1047,7,1069684,164,17,17,7,10,453.6,10220.7,-25.67,63.34,2,15
1048,8,1069848,164,19,19,9,10,520.9,10815.1,-68.81,22.39,7,12
1049,9,1070012,164,2,2,1,1,518.6,5221.4,-1.37,-1.09,1,1
1050,10,1070176,164,2,2,2,0,2827.6,5035.9,0.82,0.82,1,1
1051,11,1070340,164,3,3,1,2,381.4,6185.1,-10.65,4.10,2,1
1052,12,1070504,164,3,3,2,1,1465.2,5341.7,-6.83,0.82,2,1
1053,13,1070668,164,2,2,0,2,1462.9,1483.6,-1.09,1.09,0,2
1054,14,1070832,164,2,2,1,1,1177.5,2874.1,-1.64,-0.82,1,1
1055,15,1070996,164,3,3,1,2,1393.4,4026.8,-6.01,-0.82,3,0
1056,16,1071160,164,1,1,1,0,11179.9,11179.9,-60.89,-60.89,0,1
1057,0,1071324,164,0,0,0,0,0.0,0.0,0.00,0.00,0,0
1058,1,1071488,164,2,2,1,1,1893.8,7002.9,-0.82,1.64,1,1
1059,2,1071652,164,4,4,2,2,603.3,10623.2,-0.82,12.83,2,2
1060,3,1071816,164,2,2,1,1,616.7,12017.0,6.01,7.92,0,2
1061,4,1071980,164,13,13,12,1,1317.2,11439.0,-58.43,54.61,7,6
1062,5,1072144,164,3,3,2,1,381.2,9931.6,1.64,58.70,2,1
1063,6,1072308,164,6,6,3,3,670.9,11462.3,-0.82,2.73,3,3
1064,7,1072472,164,10,10,7,3,670.4,11464.4,-1.09,56.52,3,7
1065,8,1072636,164,12,12,5,7,505.9,10769.8,-34.13,68.53,3,9
1066,9,1072800,164,5,5,3,2,505.2,5229.3,-1.37,1.37,1,4
1067,10,1072964,164,4,4,2,2,523.3,3115.2,-6.28,1.09,2,2
1068,11,1073128,164,9,9,7,2,423.7,6213.0,-12.83,-0.82,6,3
1069,12,1073292,164,1,1,1,0,3811.1,3811.1,4.64,4.64,1,0
1070,13,1073456,164,3,3,0,3,765.0,2304.7,-0.82,2.73,0,3
1071,14,1073620,164,5,5,2,3,1079.3,4932.4,-4.37,2.73,3,2
1072,15,1073784,164,4,4,1,3,255.5,4025.7,-4.10,1.64,3,1
1073,16,1073948,164,1,1,1,0,2537.9,2537.9,6.83,6.83,1,0
1074,0,1074112,164,1,1,1,0,4864.2,4864.2,3.55,3.55,1,0
1075,1,1074276,164,1,1,1,0,7198.3,7198.3,0.82,0.82,0,1
1076,2,1074440,164,2,2,0,2,578.3,622.9,1.09,11.74,0,2
1077,3,1074604,164,2,2,2,0,11927.0,12094.8,-41.77,-0.82,1,1
1078,4,1074768,164,18,18,16,2,405.9,11439.0,-41.50,58.70,6,12
1079,5,1074932,164,2,2,1,1,381.3,4314.7,-20.20,-0.82,1,1
1080,6,1075096,164,1,1,1,0,2417.7,2417.7,2.73,2.73,1,0
1081,7,1075260,164,12,12,10,2,1530.7,11491.5,-43.14,4.10,2,10
1082,8,1075424,164,14,14,4,10,522.9,10774.4,-18.57,67.71,2,12
1083,9,1075588,164,3,3,3,0,1314.6,4939.2,-1.09,1.09,0,3
1084,10,1075752,164,8,8,5,3,1073.4,5222.0,-39.32,1.37,3,5
1085,11,1075916,164,2,2,1,1,1653.2,6238.5,-10.38,-3.00,2,0
1086,12,1076080,164,1,1,0,1,1465.2,1465.2,-0.82,-0.82,0,1
1087,13,1076244,164,0,0,0,0,0.0,0.0,0.00,0.00,0,0
1088,14,1076408,164,5,5,2,3,1242.5,2231.7,-9.83,1.09,0,5
1089,15,1076572,164,2,2,1,1,1437.2,4025.1,-2.46,-1.09,1,1
1090,16,1076736,164,2,2,2,0,3257.3,4097.0,-40.14,1.09,1,1
1091,0,1076900,164,0,0,0,0,0.0,0.0,0.00,0.00,0,0
1092,1,1077064,164,2,2,1,1,669.1,7196.8,-0.82,0.82,1,1
1093,2,1077228,164,1,1,0,1,551.0,551.0,7.37,7.37,0,1
1094,3,1077392,164,2,2,2,0,2131.0,12206.6,0.82,59.80,1,1
1095,4,1077556,164,18,18,15,3,450.0,11439.1,-61.98,67.99,6,12
1096,5,1077720,164,2,2,1,1,791.6,2466.5,-1.37,1.09,2,0
1097,6,1077884,164,1,1,0,1,1316.9,1316.9,3.28,3.28,1,0
1098,7,1078048,164,19,19,8,11,667.7,10718.2,-58.16,40.41,3,16
1099,8,1078212,164,17,17,5,12,498.9,7265.4,-14.20,56.79,6,11
1100,9,1078376,164,2,2,1,1,1939.8,2369.0,-0.82,1.37,0,2
1101,10,1078540,164,6,6,1,5,1049.5,4792.8,-3.55,1.09,1,5
1102,11,1078704,164,3,3,2,1,501.9,5894.1,-8.46,1.09,2,1
1103,12,1078868,164,2,2,1,1,1465.5,5081.4,0.55,0.82,1,1
1104,13,1079032,164,2,2,1,1,1479.3,11947.1,1.09,48.60,2,0
1105,14,1079196,164,2,2,1,1,2031.8,2898.6,-5.73,0.82,1,1
1106,15,1079360,164,1,1,1,0,1625.9,1625.9,-2.18,-2.18,0,1
1107,16,1079524,164,1,1,1,0,2489.7,2489.7,5.19,5.19,1,0
1108,0,1079688,164,2,2,1,1,401.7,5561.7,-39.86,19.93,1,1
1109,1,1079852,164,0,0,0,0,0.0,0.0,0.00,0.00,0,0
1110,2,1080016,164,3,3,2,1,646.5,6567.4,-68.81,68.81,2,1
1111,3,1080180,164,0,0,0,0,0.0,0.0,0.00,0.00,0,0
1112,4,1080344,164,15,15,13,2,1321.7,11438.9,-68.26,19.39,6,9
1113,5,1080508,164,6,6,5,1,380.4,9881.8,-45.60,19.66,4,2
1114,6,1080672,164,1,1,1,0,11488.6,11488.6,-2.18,-2.18,0,1
1115,7,1080836,164,12,12,8,4,647.9,10718.3,-8.46,2.18,2,10
1116,8,1081000,164,26,26,11,15,503.6,10819.1,-56.25,63.34,5,21
1117,9,1081164,164,3,3,2,1,519.7,11925.7,-7.10,22.39,1,2
1118,10,1081328,164,8,8,2,6,497.8,3088.5,-40.14,3.55,2,6
1119,11,1081492,164,9,9,5,4,381.4,6305.6,-11.74,7.10,6,3
1120,12,1081656,164,2,2,2,0,5108.9,5370.8,-0.82,2.46,2,0
1121,13,1081820,164,0,0,0,0,0.0,0.0,0.00,0.00,0,0
1122,14,1081984,164,2,2,1,1,1943.7,4048.7,-1.09,0.82,1,1
1123,15,1082148,164,2,2,0,2,1123.5,2186.7,-5.73,-1.09,1,1
1124,16,1082312,164,0,0,0,0,0.0,0.0,0.00,0.00,0,0
1125,0,1082476,164,1,1,0,1,379.5,379.5,-19.66,-19.66,0,1
1126,1,1082640,164,2,2,1,1,381.2,7198.3,-0.82,19.39,0,2
1127,2,1082804,164,2,2,1,1,620.4,7197.2,-4.64,-0.82,1,1
1128,3,1082968,164,0,0,0,0,0.0,0.0,0.00,0.00,0,0
1129,4,1083132,164,19,19,17,2,1318.2,11438.9,-58.16,54.61,7,12
1130,5,1083296,164,3,3,1,2,382.6,2609.9,-19.66,6.28,1,2
1131,6,1083460,164,2,2,1,1,1293.3,2488.8,-7.37,-0.82,1,1
1132,7,1083624,164,9,9,6,3,1052.2,10220.4,-19.11,1.37,2,7
1133,8,1083788,164,16,16,7,9,501.1,11227.1,-30.31,65.53,4,12
1134,9,1083952,164,5,5,2,3,646.8,12260.5,-8.19,22.12,4,1
1135,10,1084116,164,5,5,3,2,521.2,3688.8,-4.64,2.73,1,4
1136,11,1084280,164,6,6,4,2,2106.4,5053.1,-2.46,-0.55,4,2
1137,12,1084444,164,1,1,0,1,2039.8,2039.8,1.64,1.64,1,0
1138,13,1084608,164,0,0,0,0,0.0,0.0,0.00,0.00,0,0
1139,14,1084772,164,5,5,3,2,776.5,3064.8,-1.09,63.34,2,3
1140,15,1084936,164,0,0,0,0,0.0,0.0,0.00,0.00,0,0
1141,16,1085100,164,0,0,0,0,0.0,0.0,0.00,0.00,0,0
1142,0,1085264,164,0,0,0,0,0.0,0.0,0.00,0.00,0,0
1143,1,1085428,164,1,1,1,0,3186.7,3186.7,3.55,3.55,1,0
1144,2,1085592,164,1,1,1,0,2970.3,2970.3,-11.74,-11.74,1,0
1145,3,1085756,164,0,0,0,0,0.0,0.0,0.00,0.00,0,0
1146,4,1085920,164,13,13,11,2,1223.1,11439.1,-52.15,25.94,4,9
1147,5,1086084,164,1,1,1,0,2441.2,2441.2,3.82,3.82,1,0
1148,6,1086248,164,1,1,1,0,2466.2,2466.2,1.64,1.64,1,0
1149,7,1086412,164,18,18,12,6,454.2,10717.6,-67.99,44.51,9,9
1150,8,1086576,164,14,14,7,7,520.2,10766.8,-58.16,62.53,5,9
1151,9,1086740,164,4,4,1,3,645.4,5318.0,-10.65,1.09,2,2
1152,10,1086904,164,2,2,1,1,1270.2,3666.2,-0.82,3.82,1,1
1153,11,1087068,164,4,4,1,3,569.1,6375.3,-12.01,0.82,2,2
1154,12,1087232,164,1,1,1,0,4964.9,4964.9,6.01,6.01,1,0
1155,13,1087396,164,1,1,0,1,914.5,914.5,1.09,1.09,1,0
1156,14,1087560,164,0,0,0,0,0.0,0.0,0.00,0.00,0,0
1157,15,1087724,164,1,1,0,1,1748.7,1748.7,-4.64,-4.64,1,0
1158,16,1087888,164,0,0,0,0,0.0,0.0,0.00,0.00,0,0
1159,0,1088052,164,0,0,0,0,0.0,0.0,0.00,0.00,0,0
1160,1,1088216,164,1,1,0,1,641.3,641.3,-0.82,-0.82,0,1
1161,2,1088380,164,0,0,0,0,0.0,0.0,0.00,0.00,0,0
1162,3,1088544,164,1,1,0,1,741.4,741.4,0.82,0.82,0,1
1163,4,1088708,164,15,15,12,3,1291.9,11439.2,-58.16,62.53,4,11
1164,5,1088872,164,2,2,2,0,2705.0,2705.9,3.28,4.10,2,0
1165,6,1089036,164,2,2,2,0,11461.7,11488.5,-4.10,3.28,1,1
1166,7,1089200,164,9,9,7,2,1002.4,10220.6,-10.92,3.00,2,7
1167,8,1089364,164,16,16,8,8,499.9,7245.6,-36.86,37.13,6,10
1168,9,1089528,164,3,3,0,3,548.5,1937.7,-10.38,0.82,1,2
1169,10,1089692,164,4,4,2,2,1131.4,4385.1,-0.82,0.82,1,3
1170,11,1089856,164,6,6,5,1,1631.5,6403.9,-11.47,1.37,6,0
1171,12,1090020,164,3,3,3,0,3544.9,5345.4,0.82,10.38,3,0
1172,13,1090184,164,0,0,0,0,0.0,0.0,0.00,0.00,0,0
1173,14,1090348,164,2,2,1,1,1671.6,4938.7,-6.01,1.09,1,1
1174,15,1090512,164,1,1,1,0,5156.6,5156.6,-5.19,-5.19,1,0
1175,16,1090676,164,1,1,0,1,1121.0,1121.0,0.82,0.82,0,1
1176,0,1090840,164,1,1,1,0,5871.0,5871.0,104.07,104.07,1,0
1177,1,1091004,164,2,2,2,0,5850.2,7031.1,101.35,104.07,2,0
1178,2,1091168,164,1,1,1,0,3042.6,3042.6,-11.47,-11.47,1,0
1179,3,1091332,164,1,1,0,1,2085.3,2085.3,0.82,0.82,1,0
1180,4,1091496,164,15,15,12,3,1316.8,11879.3,-19.93,52.70,5,10
1181,5,1091660,164,3,3,2,1,405.7,2704.8,-19.11,2.18,3,0
1182,6,1091824,164,2,2,2,0,2489.3,11447.9,-1.91,4.64,2,0
1183,7,1091988,164,14,14,6,8,995.1,11442.1,-64.16,1.37,2,12
1184,8,1092152,164,15,15,8,7,1026.4,10816.0,-69.62,36.86,4,11
1185,9,1092316,164,6,6,2,4,783.1,5153.6,-37.95,-0.82,3,3
1186,10,1092480,164,4,4,2,2,1441.4,3664.9,-4.91,6.01,2,2
1187,11,1092644,164,9,9,7,2,424.2,6429.4,-10.92,7.65,6,3
1188,12,1092808,164,4,4,1,3,401.5,3545.6,-23.48,19.39,3,1
1189,13,1092972,164,1,1,0,1,2281.7,2281.7,-4.10,-4.10,1,0
1190,14,1093136,164,3,3,1,2,789.7,1985.2,-1.09,0.82,0,3
1191,15,1093300,164,2,2,1,1,1439.6,3017.3,-2.46,10.10,2,0
1192,16,1093464,164,0,0,0,0,0.0,0.0,0.00,0.00,0,0
1193,0,1093628,164,0,0,0,0,0.0,0.0,0.00,0.00,0,0
1194,1,1093792,164,3,3,3,0,3088.3,6758.4,-11.74,95.02,3,0
1195,2,1093956,164,0,0,0,0,0.0,0.0,0.00,0.00,0,0
1196,3,1094120,164,0,0,0,0,0.0,0.0,0.00,0.00,0,0
1197,4,1094284,164,15,15,13,2,1335.9,11439.0,-63.62,17.47,5,10
1198,5,1094448,164,1,1,1,0,2683.2,2683.2,4.91,4.91,1,0
1199,6,1094612,164,2,2,2,0,2491.4,11462.5,-1.09,4.91,2,0
1200,7,1094776,164,10,10,5,5,1507.0,10220.3,-34.13,1.37,2,8
1201,8,1094940,164,17,17,12,5,717.1,10813.5,-15.29,68.81,6,11
1202,9,1095104,164,2,2,1,1,1938.4,3689.2,-1.09,1.09,1,1
1203,10,1095268,164,4,4,3,1,809.0,12567.2,-45.32,1.91,4,0
1204,11,1095432,164,2,2,1,1,333.7,6472.9,-12.83,-12.01,1,1
1205,12,1095596,164,2,2,2,0,5420.6,5420.7,-15.84,-15.29,2,0
1206,13,1095760,164,1,1,0,1,1510.3,1510.3,1.09,1.09,1,0
1207,14,1095924,164,2,2,1,1,1722.3,1964.7,-1.09,-1.09,0,2
1208,15,1096088,164,1,1,0,1,404.9,404.9,-80.62,-80.62,1,0
1209,16,1096252,164,2,2,1,1,1557.8,3067.1,-6.01,0.82,0,2
1210,0,1096416,164,0,0,0,0,0.0,0.0,0.00,0.00,0,0
1211,1,1096580,164,1,1,1,0,5317.0,5317.0,85.97,85.97,1,0
1212,2,1096744,164,1,1,0,1,471.7,471.7,5.73,5.73,0,1
1213,3,1096908,164,0,0,0,0,0.0,0.0,0.00,0.00,0,0
1214,4,1097072,164,16,16,12,4,1316.0,11439.2,-67.71,42.05,7,9
1215,5,1097236,164,1,1,0,1,405.4,405.4,19.39,19.39,1,0
1216,6,1097400,164,0,0,0,0,0.0,0.0,0.00,0.00,0,0
1217,7,1097564,164,16,16,10,6,698.5,11463.5,-17.47,69.62,6,10
1218,8,1097728,164,17,17,8,9,525.9,10821.5,-6.83,55.15,4,13
1219,9,1097892,164,6,6,2,4,1011.4,4218.2,-0.82,7.10,2,4
1220,10,1098056,164,3,3,1,2,810.3,3066.7,0.82,3.55,2,1
1221,11,1098220,164,6,6,4,2,810.1,9112.1,-31.13,3.55,6,0
1222,12,1098384,164,3,3,2,1,1658.9,5418.8,-7.10,4.64,3,0
1223,13,1098548,164,0,0,0,0,0.0,0.0,0.00,0.00,0,0
1224,14,1098712,164,1,1,0,1,1653.0,1653.0,-0.82,-0.82,0,1
1225,15,1098876,164,2,2,0,2,1123.7,1433.2,-2.18,1.09,0,2
1226,16,1099040,164,0,0,0,0,0.0,0.0,0.00,0.00,0,0
1227,0,1099204,164,1,1,0,1,404.1,404.1,19.11,19.11,0,1
1228,1,1099368,164,1,1,1,0,5078.4,5078.4,81.44,81.44,1,0
1229,2,1099532,164,1,1,1,0,3138.7,3138.7,-11.74,-11.74,1,0
1230,3,1099696,164,0,0,0,0,0.0,0.0,0.00,0.00,0,0
1231,4,1099860,164,19,19,19,0,1457.9,11439.0,-58.43,67.44,10,9
1232,5,1100024,164,0,0,0,0,0.0,0.0,0.00,0.00,0,0
1233,6,1100188,164,2,2,1,1,185.6,11447.1,-7.10,6.55,1,1
1234,7,1100352,164,13,13,6,7,1418.0,10220.8,-58.70,22.39,2,11
1235,8,1100516,164,10,10,6,4,1265.2,10821.0,-39.32,12.01,5,5
1236,9,1100680,164,6,6,4,2,1075.5,3209.7,-167.00,4.64,4,2
1237,10,1100844,164,3,3,1,2,789.9,3642.4,-0.82,8.74,1,2
1238,11,1101008,164,5,5,2,3,354.1,6522.6,-8.19,12.56,3,2
1239,12,1101172,164,1,1,1,0,5440.9,5440.9,-10.38,-10.38,1,0
1240,13,1101336,164,3,3,2,1,576.2,10673.4,-25.39,0.82,1,2
1241,14,1101500,164,4,4,0,4,1724.3,2160.3,-3.28,9.01,1,3
1242,15,1101664,164,2,2,0,2,1122.5,1916.3,-1.37,1.09,0,2
1243,16,1101828,164,2,2,1,1,1893.2,7364.1,-62.80,-3.82,2,0
1244,0,1101992,164,0,0,0,0,0.0,0.0,0.00,0.00,0,0
1245,1,1102156,164,2,2,2,0,3163.4,4864.8,-12.01,72.39,2,0
1246,2,1102320,164,1,1,1,0,4842.3,4842.3,72.39,72.39,1,0
1247,3,1102484,164,2,2,0,2,1024.0,2084.8,0.82,2.46,2,0
1248,4,1102648,164,15,15,15,0,1458.0,11439.0,-41.77,55.97,6,9
1249,5,1102812,164,1,1,0,1,722.4,722.4,0.82,0.82,0,1
1250,6,1102976,164,1,1,1,0,11469.6,11469.6,-4.10,-4.10,1,0
1251,7,1103140,164,11,11,5,6,1435.6,10220.4,-17.47,69.90,3,8
1252,8,1103304,164,13,13,9,4,713.0,10772.0,-7.37,42.05,5,8
1253,9,1103468,164,2,2,2,0,2216.4,3641.3,-172.76,-2.73,1,1
1254,10,1103632,164,3,3,1,2,763.3,4623.3,-3.00,9.28,2,1
1255,11,1103796,164,4,4,3,1,762.3,4722.0,-1.64,9.01,3,1
1256,12,1103960,164,1,1,1,0,3858.0,3858.0,1.09,1.09,1,0
1257,13,1104124,164,3,3,1,2,574.6,4958.8,-0.82,9.83,1,2
1258,14,1104288,164,1,1,0,1,1178.2,1178.2,-1.37,-1.37,0,1
1259,15,1104452,164,3,3,1,2,1436.2,5006.3,-9.83,-2.18,2,1
1260,16,1104616,164,0,0,0,0,0.0,0.0,0.00,0.00,0,0
1261,0,1104780,164,1,1,1,0,3569.3,3569.3,1.91,1.91,1,0
1262,1,1104944,164,0,0,0,0,0.0,0.0,0.00,0.00,0,0
1263,2,1105108,164,2,2,1,1,1892.8,4669.3,0.82,63.34,2,0
1264,3,1105272,164,0,0,0,0,0.0,0.0,0.00,0.00,0,0
1265,4,1105436,164,19,19,15,4,455.2,11439.2,-40.14,69.62,8,11
1266,5,1105600,164,1,1,1,0,2776.6,2776.6,-6.83,-6.83,1,0
1267,6,1105764,164,2,2,2,0,2513.4,11467.9,1.37,5.19,2,0
1268,7,1105928,164,16,16,8,8,549.0,11468.0,-43.69,60.34,4,12
1269,8,1106092,164,19,19,9,10,574.5,10821.0,-69.62,20.20,6,13
1270,9,1106256,164,2,2,1,1,1009.8,3642.5,-3.28,-1.64,0,2
1271,10,1106420,164,4,4,1,3,548.4,2746.9,-1.09,184.28,2,2
1272,11,1106584,164,4,4,3,1,739.1,6571.5,-10.65,8.19,3,1
1273,12,1106748,164,1,1,1,0,5420.6,5420.6,-2.18,-2.18,1,0
1274,13,1106912,164,0,0,0,0,0.0,0.0,0.00,0.00,0,0
1275,14,1107076,164,3,3,2,1,1273.7,5275.1,-6.83,1.37,2,1
1276,15,1107240,164,2,2,1,1,1464.3,4650.7,-1.91,63.62,2,0
1277,16,1107404,164,1,1,1,0,2946.8,2946.8,-4.64,-4.64,0,1
1278,0,1107568,164,0,0,0,0,0.0,0.0,0.00,0.00,0,0
1279,1,1107732,164,0,0,0,0,0.0,0.0,0.00,0.00,0,0
1280,2,1107896,164,1,1,1,0,4499.3,4499.3,54.30,54.30,1,0
1281,3,1108060,164,0,0,0,0,0.0,0.0,0.00,0.00,0,0
1282,4,1108224,164,18,18,16,2,1324.7,11684.4,-37.95,57.06,6,12
1283,5,1108388,164,0,0,0,0,0.0,0.0,0.00,0.00,0,0
1284,6,1108552,164,3,3,2,1,889.4,2488.8,-3.28,2.18,3,0
1285,7,1108716,164,14,14,7,7,1057.1,10717.9,-17.75,33.31,3,11
1286,8,1108880,164,13,13,6,7,1270.8,10770.0,-18.02,67.17,0,13
1287,9,1109044,164,0,0,0,0,0.0,0.0,0.00,0.00,0,0
1288,10,1109208,164,6,6,5,1,2055.3,4891.2,-5.46,178.52,3,3
1289,11,1109372,164,1,1,0,1,2041.8,2041.8,-1.09,-1.09,1,0
1290,12,1109536,164,3,3,1,2,1389.9,5442.9,-4.64,1.64,2,1
1291,13,1109700,164,1,1,0,1,739.6,739.6,0.82,0.82,0,1
1292,14,1109864,164,5,5,3,2,1540.7,5273.2,-8.19,1.64,2,3
1293,15,1110028,164,1,1,1,0,5300.4,5300.4,-2.46,-2.46,1,0
1294,16,1110192,164,1,1,0,1,1581.2,1581.2,1.37,1.37,0,1
1295,0,1110356,164,0,0,0,0,0.0,0.0,0.00,0.00,0,0
1296,1,1110520,164,0,0,0,0,0.0,0.0,0.00,0.00,0,0
1297,2,1110684,164,2,2,1,1,1436.8,4359.1,-0.82,45.25,2,0
1298,3,1110848,164,1,1,1,0,4358.6,4358.6,45.25,45.25,1,0
1299,4,1111012,164,15,15,13,2,1314.0,11439.3,-66.35,45.32,6,9
1300,5,1111176,164,1,1,0,1,2251.2,2251.2,0.82,0.82,0,1
1301,6,1111340,164,3,3,3,0,2513.2,11463.2,4.37,9.56,3,0
1302,7,1111504,164,11,11,6,5,978.6,10221.0,-5.19,6.83,4,7
1303,8,1111668,164,18,18,11,7,522.9,11922.7,-35.77,56.25,4,14
1304,9,1111832,164,5,5,3,2,952.2,5153.2,-39.04,7.65,3,2
1305,10,1111996,164,1,1,0,1,2251.0,2251.0,-4.64,-4.64,0,1
1306,11,1112160,164,7,7,1,6,452.4,6258.5,-11.74,28.12,3,4
1307,12,1112324,164,4,4,3,1,623.5,4576.3,-4.91,0.82,3,1
1308,13,1112488,164,1,1,1,0,4940.1,4940.1,-7.10,-7.10,1,0
1309,14,1112652,164,3,3,1,2,1654.5,5274.3,-0.82,3.28,1,2
1310,15,1112816,164,0,0,0,0,0.0,0.0,0.00,0.00,0,0
1311,16,1112980,164,1,1,0,1,452.8,452.8,96.60,96.60,1,0
1312,0,1113144,164,1,1,1,0,7862.7,7862.7,27.58,27.58,1,0
1313,1,1113308,164,0,0,0,0,0.0,0.0,0.00,0.00,0,0
1314,2,1113472,164,1,1,1,0,4235.3,4235.3,36.20,36.20,1,0
1315,3,1113636,164,1,1,1,0,4212.7,4212.7,36.20,36.20,1,0
1316,4,1113800,164,20,20,18,2,1316.6,11439.4,-68.53,56.52,9,11
1317,5,1113964,164,0,0,0,0,0.0,0.0,0.00,0.00,0,0
1318,6,1114128,164,2,2,1,1,2153.8,11490.6,-3.82,1.09,1,1
1319,7,1114292,164,11,11,7,4,693.3,10221.2,-57.34,60.07,3,8
1320,8,1114456,164,15,15,8,7,528.3,11946.1,-62.25,68.26,9,6
1321,9,1114620,164,4,4,2,2,1021.5,3281.2,-1.37,7.65,1,3
1322,10,1114784,164,1,1,1,0,4353.9,4353.9,172.76,172.76,1,0
1323,11,1114948,164,5,5,2,3,715.3,6285.9,-13.11,1.37,1,4
1324,12,1115112,164,2,2,0,2,836.8,1673.2,-4.10,1.37,2,0
1325,13,1115276,164,2,2,0,2,641.0,2014.3,1.37,3.00,1,1
1326,14,1115440,164,4,4,1,3,1653.0,5223.5,-5.19,0.82,2,2
1327,15,1115604,164,1,1,1,0,5345.0,5345.0,-4.37,-4.37,1,0
1328,16,1115768,164,1,1,0,1,1417.5,1417.5,5.46,5.46,1,0
1329,0,1115932,164,0,0,0,0,0.0,0.0,0.00,0.00,0,0
1330,1,1116096,164,1,1,1,0,3353.2,3353.2,-11.74,-11.74,1,0
1331,2,1116260,164,2,2,2,0,3352.3,4139.3,-12.01,31.67,2,0
1332,3,1116424,164,2,2,1,1,1392.9,4140.4,7.92,31.67,2,0
1333,4,1116588,164,16,16,15,1,1338.8,11439.5,-50.78,49.15,8,8
1334,5,1116752,164,3,3,1,2,1388.8,2875.2,-4.64,0.82,2,1
1335,6,1116916,164,0,0,0,0,0.0,0.0,0.00,0.00,0,0
1336,7,1117080,164,17,17,7,10,694.1,10221.2,-67.99,37.13,3,14
1337,8,1117244,164,15,15,7,8,499.5,10815.4,-60.34,37.41,5,10
1338,9,1117408,164,1,1,1,0,3258.9,3258.9,-4.37,-4.37,1,0
1339,10,1117572,164,3,3,0,3,1316.7,2274.1,1.37,90.49,1,2
1340,11,1117736,164,6,6,2,4,617.5,4771.2,-10.38,90.49,4,2
1341,12,1117900,164,4,4,1,3,792.8,2418.1,-10.38,-0.82,3,1
1342,13,1118064,164,3,3,2,1,640.6,4940.0,-1.37,12.01,2,1
1343,14,1118228,164,4,4,2,2,1697.8,5968.3,-1.91,19.66,1,3
1344,15,1118392,164,2,2,1,1,1226.0,4700.9,-2.46,0.82,2,0
1345,16,1118556,164,0,0,0,0,0.0,0.0,0.00,0.00,0,0
1346,0,1118720,164,2,2,1,1,1292.5,3522.0,-1.91,0.82,1,1
1347,1,1118884,164,0,0,0,0,0.0,0.0,0.00,0.00,0,0
1348,2,1119048,164,0,0,0,0,0.0,0.0,0.00,0.00,0,0
1349,3,1119212,164,2,2,2,0,4067.1,5247.9,22.17,22.62,2,0
1350,4,1119376,164,19,19,16,3,1315.4,11439.2,-65.26,53.24,8,11
1351,5,1119540,164,0,0,0,0,0.0,0.0,0.00,0.00,0,0
1352,6,1119704,164,1,1,1,0,11490.1,11490.1,-5.46,-5.46,0,1
1353,7,1119868,164,16,16,9,7,643.1,11465.6,-48.05,66.08,7,9
1354,8,1120032,164,11,11,5,6,572.2,10768.0,-67.71,7.10,3,8
1355,9,1120196,164,1,1,0,1,2253.6,2253.6,-0.82,-0.82,0,1
1356,10,1120360,164,2,2,2,0,3090.9,4243.5,-8.19,-5.46,2,0
1357,11,1120524,164,6,6,4,2,1910.7,4794.8,-2.46,90.49,4,2
1358,12,1120688,164,0,0,0,0,0.0,0.0,0.00,0.00,0,0
1359,13,1120852,164,2,2,1,1,744.5,4894.6,0.82,10.38,1,1
1360,14,1121016,164,4,4,1,3,1744.3,5293.9,-4.64,4.64,1,3
1361,15,1121180,164,0,0,0,0,0.0,0.0,0.00,0.00,0,0
1362,16,1121344,164,2,2,1,1,1368.7,1913.3,9.56,15.56,2,0
1363,0,1121508,164,0,0,0,0,0.0,0.0,0.00,0.00,0,0
1364,1,1121672,164,0,0,0,0,0.0,0.0,0.00,0.00,0,0
1365,2,1121836,164,1,1,1,0,3403.3,3403.3,-11.74,-11.74,1,0
1366,3,1122000,164,2,2,1,1,1366.5,4017.8,7.37,13.57,2,0
1367,4,1122164,164,20,20,20,0,1458.2,11439.4,-66.08,59.80,9,11
1368,5,1122328,164,1,1,1,0,5851.9,5851.9,3.55,3.55,1,0
1369,6,1122492,164,1,1,1,0,11492.8,11492.8,-5.19,-5.19,0,1
1370,7,1122656,164,9,9,6,3,1507.0,10718.1,-1.09,52.97,4,5
1371,8,1122820,164,15,15,5,10,575.5,10767.2,-29.76,22.39,4,11
1372,9,1122984,164,0,0,0,0,0.0,0.0,0.00,0.00,0,0
1373,10,1123148,164,4,4,2,2,1120.7,3235.6,-1.09,85.97,2,2
1374,11,1123312,164,7,7,5,2,979.2,4694.6,-2.46,85.97,4,3
1375,12,1123476,164,2,2,1,1,1414.2,4193.2,-0.82,0.82,1,1
1376,13,1123640,164,1,1,0,1,643.0,643.0,-1.37,-1.37,0,1
1377,14,1123804,164,1,1,1,0,5293.0,5293.0,5.73,5.73,1,0
1378,15,1123968,164,0,0,0,0,0.0,0.0,0.00,0.00,0,0
1379,16,1124132,164,1,1,0,1,1648.6,1648.6,0.82,0.82,0,1
1380,0,1124296,164,0,0,0,0,0.0,0.0,0.00,0.00,0,0
1381,1,1124460,164,0,0,0,0,0.0,0.0,0.00,0.00,0,0
1382,2,1124624,164,0,0,0,0,0.0,0.0,0.00,0.00,0,0
1383,3,1124788,164,1,1,1,0,3977.6,3977.6,9.05,9.05,1,0
1384,4,1124952,164,14,14,13,1,1387.7,11439.3,-33.04,58.16,9,5
1385,5,1125116,164,1,1,0,1,722.2,722.2,0.82,0.82,0,1
1386,6,1125280,164,3,3,3,0,2970.5,12526.0,-6.28,51.60,3,0
1387,7,1125444,164,16,16,9,7,1432.8,11468.2,-43.41,33.04,5,11
1388,8,1125608,164,12,12,7,5,603.2,10814.5,-4.37,26.21,5,7
1389,9,1125772,164,0,0,0,0,0.0,0.0,0.00,0.00,0,0
1390,10,1125936,164,4,4,2,2,960.3,7841.2,0.82,85.97,2,2
1391,11,1126100,164,5,5,4,1,1917.9,3448.7,1.09,85.97,4,1
1392,12,1126264,164,5,5,3,2,502.4,5589.8,-2.18,38.77,4,1
1393,13,1126428,164,4,4,0,4,640.2,1362.5,-1.37,1.37,0,4
1394,14,1126592,164,6,6,3,3,1294.0,5292.0,-5.73,10.92,2,4
1395,15,1126756,164,1,1,1,0,3018.2,3018.2,-7.65,-7.65,1,0
1396,16,1126920,164,1,1,0,1,1337.2,1337.2,-4.10,-4.10,1,0
1397,0,1127084,164,0,0,0,0,0.0,0.0,0.00,0.00,0,0
1398,1,1127248,164,0,0,0,0,0.0,0.0,0.00,0.00,0,0
1399,2,1127412,164,0,0,0,0,0.0,0.0,0.00,0.00,0,0
1400,3,1127576,164,2,2,2,0,3978.6,9814.1,-9.05,11.47,2,0
1401,4,1127740,164,16,16,16,0,1457.6,11439.3,-54.61,49.15,7,9
1402,5,1127904,164,0,0,0,0,0.0,0.0,0.00,0.00,0,0
1403,6,1128068,164,2,2,2,0,2441.6,2466.7,7.37,7.65,2,0
1404,7,1128232,164,11,11,7,4,1487.7,10718.4,-68.53,23.48,4,7
1405,8,1128396,164,12,12,9,3,1297.9,10820.8,-31.95,31.40,4,8
1406,9,1128560,164,2,2,1,1,503.0,5317.4,-2.46,0.82,1,1
1407,10,1128724,164,4,4,3,1,2204.3,8366.3,-3.17,85.97,4,0
1408,11,1128888,164,7,7,6,1,2306.8,8413.5,-99.54,3.82,5,2
1409,12,1129052,164,4,4,2,2,831.2,5567.6,-6.01,7.92,3,1
1410,13,1129216,164,4,4,2,2,814.2,5078.6,-11.52,9.83,3,1
1411,14,1129380,164,2,2,1,1,2129.7,5230.1,-1.09,10.92,1,1
1412,15,1129544,164,1,1,0,1,1989.9,1989.9,-5.46,-5.46,0,1
1413,16,1129708,164,2,2,1,1,1436.8,2753.7,-4.10,-1.09,1,1
1414,0,1129872,164,0,0,0,0,0.0,0.0,0.00,0.00,0,0
1415,1,1130036,164,0,0,0,0,0.0,0.0,0.00,0.00,0,0
1416,2,1130200,164,2,2,1,1,1414.1,3520.6,-12.01,0.82,2,0
1417,3,1130364,164,0,0,0,0,0.0,0.0,0.00,0.00,0,0
1418,4,1130528,164,15,15,14,1,1386.8,11439.5,-45.87,49.97,8,7
1419,5,1130692,164,0,0,0,0,0.0,0.0,0.00,0.00,0,0
1420,6,1130856,164,3,3,3,0,2418.5,2489.5,3.55,4.64,3,0
1421,7,1131020,164,12,12,7,5,1508.1,10817.6,-52.97,2.46,11,1
1422,8,1131184,164,15,15,9,6,525.0,10819.2,-48.60,65.26,12,3
1423,9,1131348,164,0,0,0,0,0.0,0.0,0.00,0.00,0,0
1424,10,1131512,164,1,1,0,1,913.3,913.3,-1.64,-1.64,0,1
1425,11,1131676,164,4,4,2,2,428.5,6498.4,-11.74,32.49,3,1
1426,12,1131840,164,3,3,2,1,2038.5,2971.0,-0.82,1.64,3,0
1427,13,1132004,164,1,1,1,0,4121.6,4121.6,1.09,1.09,1,0
1428,14,1132168,164,4,4,3,1,791.7,5297.0,-3.00,8.19,4,0
1429,15,1132332,164,1,1,0,1,2151.9,2151.9,0.82,0.82,0,1
1430,16,1132496,164,0,0,0,0,0.0,0.0,0.00,0.00,0,0
1431,0,1132660,164,0,0,0,0,0.0,0.0,0.00,0.00,0,0
1432,1,1132824,164,0,0,0,0,0.0,0.0,0.00,0.00,0,0
1433,2,1132988,164,0,0,0,0,0.0,0.0,0.00,0.00,0,0
1434,3,1133152,164,1,1,1,0,1890.5,1890.5,-12.83,-12.83,1,0
1435,4,1133316,164,14,14,13,1,1315.7,11439.3,-22.62,5.73,8,6
1436,5,1133480,164,1,1,1,0,5246.0,5246.0,-22.17,-22.17,1,0
1437,6,1133644,164,0,0,0,0,0.0,0.0,0.00,0.00,0,0
1438,7,1133808,164,13,13,8,5,1506.1,10718.2,-39.86,54.33,3,10
1439,8,1133972,164,14,14,8,6,499.8,10772.3,-67.44,22.12,9,5
1440,9,1134136,164,0,0,0,0,0.0,0.0,0.00,0.00,0,0
1441,10,1134300,164,2,2,2,0,3257.4,4720.8,1.37,6.28,2,0
1442,11,1134464,164,1,1,1,0,4793.7,4793.7,81.44,81.44,1,0
1443,12,1134628,164,4,4,3,1,2038.7,5536.8,-1.64,9.28,4,0
1444,13,1134792,164,3,3,2,1,794.7,5533.8,0.82,9.28,3,0
1445,14,1134956,164,1,1,1,0,5156.6,5156.6,8.19,8.19,1,0
1446,15,1135120,164,3,3,0,3,1047.2,2016.9,-4.37,-0.82,1,2
1447,16,1135284,164,1,1,1,0,2778.3,2778.3,-20.20,-20.20,0,1
1448,0,1135448,164,0,0,0,0,0.0,0.0,0.00,0.00,0,0
1449,1,1135612,164,0,0,0,0,0.0,0.0,0.00,0.00,0,0
1450,2,1135776,164,0,0,0,0,0.0,0.0,0.00,0.00,0,0
1451,3,1135940,164,1,1,1,0,3008.9,3008.9,126.69,126.69,1,0
1452,4,1136104,164,18,18,16,2,1315.5,11438.9,-39.59,55.97,10,8
1453,5,1136268,164,1,1,1,0,4139.3,4139.3,-31.67,-31.67,1,0
1454,6,1136432,164,0,0,0,0,0.0,0.0,0.00,0.00,0,0
1455,7,1136596,164,16,16,12,4,1507.3,11461.8,-43.14,60.34,6,10
1456,8,1136760,164,13,13,8,5,1817.1,10820.6,-65.26,44.51,5,8
1457,9,1136924,164,0,0,0,0,0.0,0.0,0.00,0.00,0,0
1458,10,1137088,164,2,2,1,1,2088.7,4725.0,-3.82,0.82,1,1
1459,11,1137252,164,5,5,5,0,2321.7,6565.9,-11.19,6.55,5,0
1460,12,1137416,164,0,0,0,0,0.0,0.0,0.00,0.00,0,0
1461,13,1137580,164,1,1,1,0,2368.8,2368.8,3.55,3.55,1,0
1462,14,1137744,164,1,1,1,0,5131.0,5131.0,6.55,6.55,1,0
1463,15,1137908,164,2,2,0,2,1050.8,1988.7,-4.64,-2.46,1,1
1464,16,1138072,164,0,0,0,0,0.0,0.0,0.00,0.00,0,0
1465,0,1138236,164,0,0,0,0,0.0,0.0,0.00,0.00,0,0
1466,1,1138400,164,0,0,0,0,0.0,0.0,0.00,0.00,0,0
1467,2,1138564,164,1,1,0,1,1556.4,1556.4,-0.82,-0.82,1,0
1468,3,1138728,164,1,1,0,1,1275.2,1275.2,6.83,6.83,1,0
1469,4,1138892,164,18,18,16,2,1320.2,11439.2,-57.88,68.81,9,9
1470,5,1139056,164,2,2,2,0,4218.8,5398.4,-38.01,-36.20,2,0
1471,6,1139220,164,1,1,1,0,2441.3,2441.3,-2.18,-2.18,1,0
1472,7,1139384,164,17,17,8,9,999.7,11034.3,-44.51,55.43,4,13
1473,8,1139548,164,13,13,9,4,720.9,10773.1,-28.40,6.01,0,13
1474,9,1139712,164,1,1,1,0,3161.5,3161.5,3.82,3.82,1,0
1475,10,1139876,164,2,2,0,2,482.0,2086.6,0.55,0.82,0,2
1476,11,1140040,164,4,4,4,0,2802.1,4698.0,-7.65,0.82,3,1
1477,12,1140204,164,5,5,4,1,808.8,5462.4,-10.92,3.17,5,0
1478,13,1140368,164,3,3,3,0,2657.2,5055.1,-4.64,1.09,3,0
1479,14,1140532,164,2,2,0,2,1723.5,1773.2,-0.82,1.37,0,2
1480,15,1140696,164,1,1,0,1,1510.1,1510.1,-1.37,-1.37,0,1
1481,16,1140860,164,2,2,0,2,1438.0,1991.7,1.37,2.18,1,1
1482,0,1141024,164,1,1,1,0,3498.4,3498.4,-2.18,-2.18,1,0
1483,1,1141188,164,0,0,0,0,0.0,0.0,0.00,0.00,0,0
1484,2,1141352,164,1,1,1,0,4266.0,4266.0,-40.41,-40.41,1,0
1485,3,1141516,164,1,1,1,0,2897.5,2897.5,3.55,3.55,1,0
1486,4,1141680,164,14,14,12,2,1441.6,11439.3,-21.02,50.51,6,8
1487,5,1141844,164,2,2,2,0,4339.3,5517.9,-45.92,-45.25,2,0
1488,6,1142008,164,2,2,2,0,4354.5,5535.2,-45.92,-45.25,2,0
1489,7,1142172,164,15,15,5,10,356.1,11441.3,-3.55,30.03,6,9
1490,8,1142336,164,18,18,9,9,690.8,10774.4,-62.53,58.43,5,13
1491,9,1142500,164,1,1,0,1,792.1,792.1,-1.37,-1.37,1,0
1492,10,1142664,164,3,3,1,2,499.2,3209.4,0.82,3.82,1,2
1493,11,1142828,164,2,2,0,2,2280.7,2301.4,2.46,8.74,1,1
1494,12,1142992,164,1,1,0,1,1239.2,1239.2,1.37,1.37,0,1
1495,13,1143156,164,0,0,0,0,0.0,0.0,0.00,0.00,0,0
1496,14,1143320,164,0,0,0,0,0.0,0.0,0.00,0.00,0,0
1497,15,1143484,164,0,0,0,0,0.0,0.0,0.00,0.00,0,0
1498,16,1143648,164,1,1,0,1,1191.1,1191.1,1.37,1.37,0,1
1499,0,1143812,164,0,0,0,0,0.0,0.0,0.00,0.00,0,0
1500,1,1143976,164,0,0,0,0,0.0,0.0,0.00,0.00,0,0
1501,2,1144140,164,1,1,1,0,3689.1,3689.1,-12.01,-12.01,1,0
1502,3,1144304,164,0,0,0,0,0.0,0.0,0.00,0.00,0,0
1503,4,1144468,164,15,15,14,1,1443.2,11439.4,-20.20,61.98,7,8
1504,5,1144632,164,2,2,1,1,403.2,3379.1,-20.48,-0.82,1,1
1505,6,1144796,164,5,5,4,1,719.6,11443.9,-68.53,4.37,2,3
1506,7,1144960,164,21,21,9,12,357.1,11467.0,-28.67,64.98,4,17
1507,8,1145124,164,17,17,9,8,619.3,10885.6,-69.35,55.97,2,15
1508,9,1145288,164,0,0,0,0,0.0,0.0,0.00,0.00,0,0
1509,10,1145452,164,3,3,1,2,1049.6,3403.2,-0.55,3.55,1,2
1510,11,1145616,164,8,8,2,6,378.2,7455.9,-0.82,55.15,3,5
1511,12,1145780,164,5,5,4,1,815.0,6833.4,-29.76,4.37,5,0
1512,13,1145944,164,1,1,0,1,1317.7,1317.7,1.37,1.37,0,1
1513,14,1146108,164,1,1,0,1,2229.1,2229.1,-2.18,-2.18,0,1
1514,15,1146272,164,2,2,1,1,1513.9,3979.3,1.09,1.09,0,2
1515,16,1146436,164,1,1,0,1,1339.6,1339.6,117.64,117.64,1,0
1516,0,1146600,164,1,1,1,0,3496.5,3496.5,12.29,12.29,1,0
1517,1,1146764,164,1,1,1,0,3713.4,3713.4,-11.74,-11.74,1,0
1518,2,1146928,164,1,1,1,0,3713.9,3713.9,-12.01,-12.01,1,0
1519,3,1147092,164,0,0,0,0,0.0,0.0,0.00,0.00,0,0
1520,4,1147256,164,20,20,17,3,503.2,11439.7,-83.93,9.28,8,12
1521,5,1147420,164,1,1,1,0,4645.7,4645.7,-63.34,-63.34,1,0
1522,6,1147584,164,3,3,2,1,2184.2,4651.7,-63.34,8.74,2,1
1523,7,1147748,164,15,15,9,6,548.2,10717.6,-54.33,56.79,5,10
1524,8,1147912,164,22,22,9,13,522.9,10773.0,-67.71,69.35,5,17
1525,9,1148076,164,1,1,1,0,3210.7,3210.7,2.18,2.18,1,0
1526,10,1148240,164,4,4,2,2,460.2,5057.3,-0.82,1.09,2,2
1527,11,1148404,164,8,8,3,5,379.4,4695.9,-4.91,45.87,4,4
1528,12,1148568,164,5,5,4,1,811.4,5415.1,-1.09,6.55,5,0
1529,13,1148732,164,5,5,3,2,1178.8,5036.8,-0.82,7.65,4,1
1530,14,1148896,164,0,0,0,0,0.0,0.0,0.00,0.00,0,0
1531,15,1149060,164,1,1,1,0,4553.4,4553.4,-1.37,-1.37,1,0
1532,16,1149224,164,0,0,0,0,0.0,0.0,0.00,0.00,0,0
1533,0,1149388,164,1,1,1,0,3451.5,3451.5,2.73,2.73,1,0
1534,1,1149552,164,2,2,1,1,622.6,3738.1,-11.74,5.73,2,0
1535,2,1149716,164,3,3,1,2,403.7,3739.5,-43.69,-0.82,2,1
1536,3,1149880,164,4,4,0,4,1871.2,2084.4,-1.37,1.37,0,4
1537,4,1150044,164,14,14,9,5,382.0,11439.8,-60.34,20.48,6,8
1538,5,1150208,164,1,1,0,1,235.0,235.0,6.01,6.01,1,0
1539,6,1150372,164,7,7,4,3,643.8,4842.3,-67.87,39.86,5,2
1540,7,1150536,164,13,13,8,5,644.6,10718.3,-41.50,11.52,3,10
1541,8,1150700,164,13,13,5,8,479.6,10769.3,-46.96,25.94,2,11
1542,9,1150864,164,3,3,3,0,3257.3,5201.4,-6.01,3.82,3,0
1543,10,1151028,164,2,2,2,0,1913.7,3115.2,1.09,2.73,1,1
1544,11,1151192,164,3,3,1,2,430.3,4622.9,-1.37,12.56,1,2
1545,12,1151356,164,2,2,2,0,2033.8,5421.8,-7.65,-0.82,1,1
1546,13,1151520,164,5,5,4,1,1198.5,5180.4,-8.46,0.82,4,1
1547,14,1151684,164,2,2,1,1,2156.3,5109.6,-3.82,0.82,1,1
1548,15,1151848,164,2,2,2,0,2730.4,4026.6,-40.14,1.09,2,0
1549,16,1152012,164,1,1,1,0,2873.0,2873.0,-4.10,-4.10,1,0
1550,0,1152176,164,1,1,1,0,3450.8,3450.8,1.09,1.09,1,0
1551,1,1152340,164,1,1,1,0,2369.0,2369.0,-0.82,-0.82,0,1
1552,2,1152504,164,2,2,1,1,765.5,3785.0,-11.74,0.82,1,1
1553,3,1152668,164,0,0,0,0,0.0,0.0,0.00,0.00,0,0
1554,4,1152832,164,13,13,11,2,1339.0,11439.5,-46.69,45.05,5,8
1555,5,1152996,164,1,1,0,1,2108.5,2108.5,-0.82,-0.82,0,1
1556,6,1153160,164,3,3,2,1,647.5,11485.1,-3.00,9.01,2,1
1557,7,1153324,164,14,14,8,6,692.5,11486.6,-58.70,48.05,1,13
1558,8,1153488,164,15,15,5,10,183.6,10817.2,-61.43,63.89,5,10
1559,9,1153652,164,3,3,0,3,457.9,1990.1,-0.82,1.64,0,3
1560,10,1153816,164,7,7,4,3,794.1,5270.1,-4.91,4.91,5,2
1561,11,1153980,164,4,4,0,4,449.8,2037.3,0.82,5.19,1,3
1562,12,1154144,164,3,3,3,0,2034.8,4171.4,-8.46,-0.82,2,1
1563,13,1154308,164,3,3,3,0,2778.4,4145.5,0.82,1.09,2,1
1564,14,1154472,164,0,0,0,0,0.0,0.0,0.00,0.00,0,0
1565,15,1154636,164,1,1,1,0,4673.2,4673.2,-1.09,-1.09,1,0
1566,16,1154800,164,1,1,1,0,3186.5,3186.5,-4.91,-4.91,1,0
1567,0,1154964,164,0,0,0,0,0.0,0.0,0.00,0.00,0,0
1568,1,1155128,164,1,1,1,0,10071.0,10071.0,0.82,0.82,1,0
1569,2,1155292,164,2,2,2,0,3810.2,8995.6,-11.74,7.10,1,1
1570,3,1155456,164,1,1,0,1,744.2,744.2,-0.82,-0.82,0,1
1571,4,1155620,164,22,22,14,8,456.2,11439.7,-58.70,61.71,7,15
1572,5,1155784,164,0,0,0,0,0.0,0.0,0.00,0.00,0,0
1573,6,1155948,164,6,6,3,3,455.5,11490.0,-2.18,57.88,2,4
1574,7,1156112,164,11,11,10,1,698.4,11488.8,-85.97,31.13,2,9
1575,8,1156276,164,21,21,9,12,187.1,10816.1,-54.88,53.24,5,16
1576,9,1156440,164,3,3,0,3,482.4,2158.2,-5.46,0.82,0,3
1577,10,1156604,164,7,7,6,1,788.1,5270.6,-1.91,4.91,5,2
1578,11,1156768,164,6,6,2,4,383.6,8895.0,-6.83,68.26,3,3
1579,12,1156932,164,4,4,2,2,1179.2,5466.6,-10.10,2.18,2,2
1580,13,1157096,164,2,2,1,1,1192.1,5058.0,-5.73,-0.82,1,1
1581,14,1157260,164,2,2,2,0,2418.7,12619.0,0.82,1.09,1,1
1582,15,1157424,164,1,1,0,1,1752.4,1752.4,0.82,0.82,0,1
1583,16,1157588,164,0,0,0,0,0.0,0.0,0.00,0.00,0,0
1584,0,1157752,164,1,1,1,0,3403.3,3403.3,13.65,13.65,1,0
1585,1,1157916,164,0,0,0,0,0.0,0.0,0.00,0.00,0,0
1586,2,1158080,164,3,3,2,1,742.1,7196.5,-11.74,0.82,2,1
1587,3,1158244,164,1,1,0,1,738.6,738.6,0.82,0.82,0,1
1588,4,1158408,164,14,14,14,0,1457.9,11439.7,-49.97,4.64,5,9
1589,5,1158572,164,0,0,0,0,0.0,0.0,0.00,0.00,0,0
1590,6,1158736,164,4,4,4,0,2369.2,11579.8,-4.10,7.37,3,1
1591,7,1158900,164,13,13,11,2,189.9,11490.8,-90.49,34.68,4,9
1592,8,1159064,164,16,16,7,9,189.9,10815.7,-50.24,22.39,3,13
1593,9,1159228,164,3,3,1,2,2131.6,3232.7,-5.73,-2.18,2,1
1594,10,1159392,164,4,4,2,2,497.3,3473.1,-5.46,2.46,3,1
1595,11,1159556,164,10,10,5,5,379.7,9495.1,-9.50,67.71,6,4
1596,12,1159720,164,3,3,2,1,1584.0,9522.8,-6.28,67.44,2,1
1597,13,1159884,164,3,3,2,1,1177.2,4146.8,-5.73,1.37,2,1
1598,14,1160048,164,3,3,0,3,1243.5,1674.6,-1.37,1.37,1,2
1599,15,1160212,164,1,1,0,1,1434.2,1434.2,-2.18,-2.18,0,1
1600,16,1160376,164,0,0,0,0,0.0,0.0,0.00,0.00,0,0
1601,0,1160540,164,1,1,1,0,3376.4,3376.4,11.47,11.47,1,0
1602,1,1160704,164,0,0,0,0,0.0,0.0,0.00,0.00,0,0
1603,2,1160868,164,1,1,1,0,3882.7,3882.7,-11.74,-11.74,1,0
1604,3,1161032,164,3,3,0,3,191.3,2061.7,-62.80,3.82,2,1
1605,4,1161196,164,14,14,13,1,1322.0,11439.7,-60.89,20.20,5,9
1606,5,1161360,164,1,1,0,1,1437.0,1437.0,1.37,1.37,0,1
1607,6,1161524,164,2,2,2,0,2297.2,5682.0,-1.37,5.73,2,0
1608,7,1161688,164,17,17,9,8,191.1,10717.8,-99.54,33.04,5,12
1609,8,1161852,164,11,11,4,7,616.3,10819.3,-68.26,2.73,4,7
1610,9,1162016,164,7,7,3,4,457.7,4265.7,-10.10,11.19,4,3
1611,10,1162180,164,6,6,3,3,808.9,3450.2,-9.83,5.19,5,1
1612,11,1162344,164,2,2,0,2,380.1,2037.7,0.82,3.82,0,2
1613,12,1162508,164,1,1,1,0,10121.8,10121.8,66.62,66.62,1,0
1614,13,1162672,164,1,1,1,0,4146.0,4146.0,0.82,0.82,1,0
1615,14,1162836,164,3,3,0,3,540.7,1653.0,-0.82,3.55,0,3
1616,15,1163000,164,2,2,2,0,1746.3,3978.1,-1.09,0.82,1,1
1617,16,1163164,164,2,2,0,2,1560.7,1702.2,0.82,9.56,0,2
1618,0,1163328,164,1,1,1,0,3352.6,3352.6,7.65,7.65,1,0
1619,1,1163492,164,0,0,0,0,0.0,0.0,0.00,0.00,0,0
1620,2,1163656,164,1,1,1,0,6405.4,6405.4,19.93,19.93,1,0
1621,3,1163820,164,0,0,0,0,0.0,0.0,0.00,0.00,0,0
1622,4,1163984,164,18,18,17,1,1336.5,11439.6,-61.16,62.53,7,11
1623,5,1164148,164,0,0,0,0,0.0,0.0,0.00,0.00,0,0
1624,6,1164312,164,2,2,1,1,718.0,2537.1,-1.64,0.82,2,0
1625,7,1164476,164,10,10,5,5,689.4,10718.1,-21.02,1.64,3,7
1626,8,1164640,164,14,14,9,5,617.4,10767.7,-69.08,52.42,5,9
1627,9,1164804,164,3,3,2,1,2152.8,4435.6,-4.37,-2.46,1,2
1628,10,1164968,164,4,4,2,2,835.7,4363.8,-68.26,3.55,3,1
1629,11,1165132,164,3,3,2,1,1888.8,10695.2,2.18,65.80,2,1
1630,12,1165296,164,5,5,5,0,3090.0,10721.5,-11.09,65.80,5,0
1631,13,1165460,164,2,2,1,1,625.6,2153.5,-1.64,0.82,1,1
1632,14,1165624,164,0,0,0,0,0.0,0.0,0.00,0.00,0,0
1633,15,1165788,164,0,0,0,0,0.0,0.0,0.00,0.00,0,0
1634,16,1165952,164,0,0,0,0,0.0,0.0,0.00,0.00,0,0
1635,0,1166116,164,1,1,1,0,3329.3,3329.3,5.73,5.73,1,0
1636,1,1166280,164,1,1,0,1,1916.5,1916.5,0.82,0.82,0,1
1637,2,1166444,164,1,1,0,1,1557.8,1557.8,0.82,0.82,0,1
1638,3,1166608,164,1,1,1,0,6546.4,6546.4,-21.84,-21.84,1,0
1639,4,1166772,164,18,18,16,2,1317.5,11439.2,-66.89,33.58,7,11
1640,5,1166936,164,0,0,0,0,0.0,0.0,0.00,0.00,0,0
1641,6,1167100,164,1,1,0,1,1245.5,1245.5,-0.82,-0.82,1,0
1642,7,1167264,164,17,17,8,9,693.2,11465.5,-69.62,59.80,2,15
1643,8,1167428,164,10,10,3,7,614.7,10773.4,-58.16,43.69,0,10
1644,9,1167592,164,5,5,3,2,860.4,5060.4,-4.37,5.46,3,2
1645,10,1167756,164,2,2,1,1,860.1,4960.7,-3.00,0.82,2,0
1646,11,1167920,164,7,7,3,4,454.4,11295.5,-7.37,65.26,2,5
1647,12,1168084,164,3,3,3,0,5533.3,11344.7,-6.01,65.26,3,0
1648,13,1168248,164,1,1,1,0,3066.6,3066.6,5.46,5.46,1,0
1649,14,1168412,164,0,0,0,0,0.0,0.0,0.00,0.00,0,0
1650,15,1168576,164,2,2,0,2,1600.9,1766.9,-1.09,1.09,0,2
1651,16,1168740,164,2,2,1,1,1585.8,12545.3,0.82,42.59,1,1
1652,0,1168904,164,1,1,1,0,3329.4,3329.4,-1.91,-1.91,1,0
1653,1,1169068,164,1,1,0,1,575.3,575.3,1.91,1.91,1,0
1654,2,1169232,164,0,0,0,0,0.0,0.0,0.00,0.00,0,0
1655,3,1169396,164,1,1,0,1,1917.9,1917.9,-20.48,-20.48,0,1
1656,4,1169560,164,15,15,14,1,1319.8,11439.4,-20.20,58.16,6,9
1657,5,1169724,164,1,1,0,1,2205.0,2205.0,0.82,0.82,0,1
1658,6,1169888,164,4,4,3,1,378.9,11462.2,-6.28,6.01,3,1
1659,7,1170052,164,14,14,8,6,694.2,10718.2,-2.73,30.85,4,10
1660,8,1170216,164,13,13,5,8,600.0,10775.3,-69.08,52.70,7,6
1661,9,1170380,164,2,2,1,1,857.1,5271.1,-3.00,4.10,2,0
1662,10,1170544,164,5,5,3,2,856.7,7027.8,0.55,7.10,4,1
1663,11,1170708,164,10,10,6,4,359.9,11901.2,-12.67,64.71,5,5
1664,12,1170872,164,2,2,2,0,5343.6,11927.5,-12.67,64.71,2,0
1665,13,1171036,164,2,2,1,1,2062.7,3066.0,-1.91,-1.91,2,0
1666,14,1171200,164,1,1,0,1,1263.8,1263.8,0.82,0.82,0,1
1667,15,1171364,164,0,0,0,0,0.0,0.0,0.00,0.00,0,0
1668,16,1171528,164,2,2,1,1,1895.4,3210.1,-4.91,-2.46,2,0
1669,0,1171692,164,3,3,3,0,3329.7,4986.0,-0.82,48.87,2,1
1670,1,1171856,164,0,0,0,0,0.0,0.0,0.00,0.00,0,0
1671,2,1172020,164,1,1,1,0,4002.5,4002.5,-12.01,-12.01,1,0
1672,3,1172184,164,1,1,0,1,649.9,649.9,0.82,0.82,0,1
1673,4,1172348,164,14,14,13,1,1317.2,11439.6,-20.75,28.67,6,8
1674,5,1172512,164,0,0,0,0,0.0,0.0,0.00,0.00,0,0
1675,6,1172676,164,0,0,0,0,0.0,0.0,0.00,0.00,0,0
1676,7,1172840,164,13,13,8,5,1435.2,11464.5,-0.82,57.06,2,11
1677,8,1173004,164,16,16,6,10,501.9,10770.6,-15.29,51.88,1,15
1678,9,1173168,164,3,3,0,3,856.5,2105.3,-2.18,2.18,1,2
1679,10,1173332,164,3,3,2,1,857.3,3185.1,-7.10,2.46,3,0
1680,11,1173496,164,6,6,5,1,356.3,12499.4,-3.82,64.16,4,2
1681,12,1173660,164,7,7,6,1,912.3,12564.3,-12.67,64.16,7,0
1682,13,1173824,164,5,5,4,1,1007.8,5082.2,-6.55,-1.91,4,1
1683,14,1173988,164,4,4,2,2,1270.6,12064.7,-1.91,2.18,1,3
1684,15,1174152,164,2,2,2,0,1314.2,2922.1,-22.66,1.37,2,0
1685,16,1174316,164,1,1,0,1,2015.6,2015.6,-4.64,-4.64,1,0
1686,0,1174480,164,1,1,1,0,3305.7,3305.7,13.11,13.11,1,0
1687,1,1174644,164,0,0,0,0,0.0,0.0,0.00,0.00,0,0
1688,2,1174808,164,1,1,0,1,1915.5,1915.5,-0.82,-0.82,0,1
1689,3,1174972,164,0,0,0,0,0.0,0.0,0.00,0.00,0,0
1690,4,1175136,164,19,19,15,4,451.2,11439.3,-55.43,58.43,5,14
1691,5,1175300,164,1,1,0,1,2202.9,2202.9,-0.82,-0.82,1,0
1692,6,1175464,164,2,2,2,0,2369.5,10030.9,-0.82,3.00,2,0
1693,7,1175628,164,13,13,9,4,308.9,11446.3,-1.91,67.99,5,8
1694,8,1175792,164,18,18,8,10,602.9,10867.4,-69.35,71.26,7,11
1695,9,1175956,164,3,3,0,3,867.0,2331.4,-8.19,-1.09,2,1
1696,10,1176120,164,2,2,2,0,3258.9,4816.2,-1.37,1.64,2,0
1697,11,1176284,164,4,4,2,2,447.6,4965.1,-3.17,1.09,2,2
1698,12,1176448,164,5,5,3,2,456.7,6569.4,-18.29,76.92,5,0
1699,13,1176612,164,3,3,1,2,1247.8,4914.7,-4.64,0.82,1,2
1700,14,1176776,164,2,2,1,1,1263.3,5149.7,-4.64,1.09,1,1
1701,15,1176940,164,1,1,1,0,2225.9,2225.9,-3.00,-3.00,1,0
1702,16,1177104,164,0,0,0,0,0.0,0.0,0.00,0.00,0,0
1703,0,1177268,164,1,1,1,0,3280.9,3280.9,8.74,8.74,1,0
1704,1,1177432,164,0,0,0,0,0.0,0.0,0.00,0.00,0,0
1705,2,1177596,164,2,2,1,1,1557.4,4097.5,-12.01,-0.82,1,1
1706,3,1177760,164,0,0,0,0,0.0,0.0,0.00,0.00,0,0
1707,4,1177924,164,15,15,15,0,1457.8,11439.5,-56.25,29.49,6,9
1708,5,1178088,164,0,0,0,0,0.0,0.0,0.00,0.00,0,0
1709,6,1178252,164,0,0,0,0,0.0,0.0,0.00,0.00,0,0
1710,7,1178416,164,15,15,10,5,650.1,10717.8,-21.02,50.24,6,9
1711,8,1178580,164,16,16,6,10,601.5,10812.7,-52.97,22.39,4,12
1712,9,1178744,164,4,4,2,2,887.4,3233.8,-7.10,1.37,3,1
1713,10,1178908,164,2,2,1,1,230.4,3160.9,-1.91,6.83,2,0
1714,11,1179072,164,5,5,3,2,359.3,4961.9,-4.10,-0.82,3,2
1715,12,1179236,164,2,2,2,0,4194.3,7167.3,-12.67,0.82,2,0
1716,13,1179400,164,2,2,0,2,665.7,2133.3,-0.82,-0.82,1,1
1717,14,1179564,164,3,3,2,1,1243.0,5174.7,-9.83,62.80,2,1
1718,15,1179728,164,0,0,0,0,0.0,0.0,0.00,0.00,0,0
1719,16,1179892,164,0,0,0,0,0.0,0.0,0.00,0.00,0,0
1720,0,1180056,164,1,1,1,0,3257.3,3257.3,8.19,8.19,1,0
1721,1,1180220,164,0,0,0,0,0.0,0.0,0.00,0.00,0,0
1722,2,1180384,164,0,0,0,0,0.0,0.0,0.00,0.00,0,0
1723,3,1180548,164,0,0,0,0,0.0,0.0,0.00,0.00,0,0
1724,4,1180712,164,14,14,11,3,1293.8,11439.5,-67.99,37.68,8,6
1725,5,1180876,164,0,0,0,0,0.0,0.0,0.00,0.00,0,0
1726,6,1181040,164,0,0,0,0,0.0,0.0,0.00,0.00,0,0
1727,7,1181204,164,16,16,10,6,552.7,11463.6,-64.98,4.91,6,10
1728,8,1181368,164,12,12,4,8,601.0,10770.1,-51.33,54.61,1,11
1729,9,1181532,164,5,5,2,3,716.4,7769.4,-9.28,6.55,2,3
1730,10,1181696,164,2,2,0,2,911.3,1872.2,-8.74,-1.37,1,1
1731,11,1181860,164,3,3,2,1,1649.0,4963.0,-1.09,0.82,2,1
1732,12,1182024,164,0,0,0,0,0.0,0.0,0.00,0.00,0,0
1733,13,1182188,164,4,4,3,1,1677.8,3906.3,-10.65,1.37,4,0
1734,14,1182352,164,1,1,0,1,1245.5,1245.5,-1.64,-1.64,0,1
1735,15,1182516,164,2,2,0,2,1418.0,1531.4,-2.18,1.91,0,2
1736,16,1182680,164,0,0,0,0,0.0,0.0,0.00,0.00,0,0
1737,0,1182844,164,1,1,1,0,3211.5,3211.5,10.65,10.65,1,0
1738,1,1183008,164,0,0,0,0,0.0,0.0,0.00,0.00,0,0
1739,2,1183172,164,1,1,1,0,4146.1,4146.1,-12.01,-12.01,1,0
1740,3,1183336,164,0,0,0,0,0.0,0.0,0.00,0.00,0,0
1741,4,1183500,164,16,16,14,2,453.0,11439.1,-60.07,62.53,7,9
1742,5,1183664,164,4,4,2,2,406.8,2610.0,-3.55,59.25,4,0
1743,6,1183828,164,3,3,2,1,547.9,11464.3,1.09,4.64,1,2
1744,7,1183992,164,14,14,10,4,525.0,11372.1,-18.84,39.86,4,10
1745,8,1184156,164,13,13,3,10,329.4,5249.4,-48.87,60.07,2,11
1746,9,1184320,164,4,4,0,4,836.2,2278.0,-8.74,1.37,2,2
1747,10,1184484,164,1,1,1,0,3329.6,3329.6,3.82,3.82,1,0
1748,11,1184648,164,5,5,3,2,446.8,4695.7,-7.37,1.09,3,2
1749,12,1184812,164,0,0,0,0,0.0,0.0,0.00,0.00,0,0
1750,13,1184976,164,1,1,0,1,236.9,236.9,-6.01,-6.01,1,0
1751,14,1185140,164,0,0,0,0,0.0,0.0,0.00,0.00,0,0
1752,15,1185304,164,0,0,0,0,0.0,0.0,0.00,0.00,0,0
1753,16,1185468,164,4,4,2,2,1431.3,3233.8,-1.09,2.46,0,4
1754,0,1185632,164,2,2,2,0,3187.1,3187.1,7.92,8.74,2,0
1755,1,1185796,164,0,0,0,0,0.0,0.0,0.00,0.00,0,0
1756,2,1185960,164,0,0,0,0,0.0,0.0,0.00,0.00,0,0
1757,3,1186124,164,0,0,0,0,0.0,0.0,0.00,0.00,0,0
1758,4,1186288,164,17,17,15,2,1326.6,11438.9,-68.53,65.53,10,7
1759,5,1186452,164,0,0,0,0,0.0,0.0,0.00,0.00,0,0
1760,6,1186616,164,2,2,1,1,1436.4,2419.0,3.55,4.64,2,0
1761,7,1186780,164,16,16,9,7,691.5,11487.2,-42.05,68.81,3,13
1762,8,1186944,164,15,15,5,10,500.2,10816.2,-51.60,46.14,2,13
1763,9,1187108,164,2,2,1,1,961.3,7744.5,-10.38,-3.00,2,0
1764,10,1187272,164,2,2,0,2,961.4,1987.9,-10.38,-0.82,1,1
1765,11,1187436,164,6,6,2,4,449.0,4935.2,-9.01,1.09,2,4
1766,12,1187600,164,0,0,0,0,0.0,0.0,0.00,0.00,0,0
1767,13,1187764,164,1,1,1,0,4265.3,4265.3,-0.82,-0.82,1,0
1768,14,1187928,164,1,1,1,0,5179.8,5179.8,5.73,5.73,1,0
1769,15,1188092,164,3,3,1,2,1430.9,2082.6,-7.65,2.18,1,2
1770,16,1188256,164,2,2,1,1,1434.7,2009.8,-6.01,2.18,1,1
1771,0,1188420,164,2,2,2,0,3184.7,3185.2,6.33,6.55,2,0
1772,1,1188584,164,1,1,1,0,3163.0,3163.0,6.83,6.83,1,0
1773,2,1188748,164,1,1,1,0,4217.4,4217.4,-12.01,-12.01,1,0
1774,3,1188912,164,1,1,0,1,2083.3,2083.3,-1.09,-1.09,0,1
1775,4,1189076,164,21,21,19,2,1314.3,11438.8,-40.96,60.34,8,13
1776,5,1189240,164,2,2,1,1,1168.8,4315.4,0.82,1.09,1,1
1777,6,1189404,164,3,3,3,0,2392.9,11491.6,-3.55,6.55,1,2
1778,7,1189568,164,19,19,10,9,551.3,10221.2,-8.46,46.14,4,15
1779,8,1189732,164,19,19,9,10,498.4,10771.9,-14.74,67.44,6,13
1780,9,1189896,164,6,6,2,4,983.6,7769.3,-8.74,2.18,4,2
1781,10,1190060,164,3,3,0,3,987.4,1992.2,-9.01,0.82,2,1
1782,11,1190224,164,4,4,0,4,359.5,2082.1,-4.10,4.10,1,3
1783,12,1190388,164,1,1,0,1,1991.3,1991.3,-1.37,-1.37,0,1
1784,13,1190552,164,1,1,1,0,3138.9,3138.9,5.19,5.19,1,0
1785,14,1190716,164,5,5,2,3,1288.7,6116.2,-44.23,-1.37,4,1
1786,15,1190880,164,2,2,0,2,1429.7,1606.9,-1.09,1.91,0,2
1787,16,1191044,164,3,3,1,2,1432.7,2706.2,-2.18,1.64,0,3
1788,0,1191208,164,2,2,2,0,3161.2,8108.3,8.74,76.01,2,0
1789,1,1191372,164,0,0,0,0,0.0,0.0,0.00,0.00,0,0
1790,2,1191536,164,0,0,0,0,0.0,0.0,0.00,0.00,0,0
1791,3,1191700,164,0,0,0,0,0.0,0.0,0.00,0.00,0,0
1792,4,1191864,164,16,16,15,1,1315.8,11438.8,-62.80,46.96,3,13
1793,5,1192028,164,1,1,0,1,1342.3,1342.3,1.37,1.37,0,1
1794,6,1192192,164,0,0,0,0,0.0,0.0,0.00,0.00,0,0
1795,7,1192356,164,8,8,7,1,1745.7,10718.0,-0.82,10.92,3,5
1796,8,1192520,164,7,7,1,6,477.7,4216.6,-9.56,48.05,2,5
1797,9,1192684,164,4,4,1,3,506.3,2202.0,-8.19,-0.82,1,3
1798,10,1192848,164,2,2,1,1,2055.2,3161.6,0.82,2.18,1,1
1799,11,1193012,164,1,1,0,1,379.4,379.4,7.92,7.92,0,1
1800,12,1193176,164,0,0,0,0,0.0,0.0,0.00,0.00,0,0
1801,13,1193340,164,2,2,2,0,3137.1,4916.1,1.91,7.65,2,0
1802,14,1193504,164,0,0,0,0,0.0,0.0,0.00,0.00,0,0
1803,15,1193668,164,0,0,0,0,0.0,0.0,0.00,0.00,0,0
1804,16,1193832,164,4,4,3,1,1430.2,3953.6,-7.10,2.18,2,2
1805,0,1193996,164,2,2,2,0,3137.3,3137.3,6.33,6.83,2,0
1806,1,1194160,164,1,1,1,0,3136.8,3136.8,6.28,6.28,1,0
1807,2,1194324,164,1,1,1,0,4267.3,4267.3,-11.47,-11.47,1,0
1808,3,1194488,164,0,0,0,0,0.0,0.0,0.00,0.00,0,0
1809,4,1194652,164,22,22,19,3,1317.1,11438.9,-46.69,57.06,9,13
1810,5,1194816,164,1,1,0,1,1154.5,1154.5,4.10,4.10,1,0
1811,6,1194980,164,1,1,0,1,1392.1,1392.1,-0.82,-0.82,0,1
1812,7,1195144,164,17,17,8,9,840.5,11446.4,-63.62,65.80,4,13
1813,8,1195308,164,12,12,6,6,496.0,10818.1,-0.82,40.68,4,8
1814,9,1195472,164,9,9,1,8,547.6,7743.3,-3.28,8.19,5,4
1815,10,1195636,164,3,3,1,2,548.0,3162.4,-1.37,2.46,1,2
1816,11,1195800,164,1,1,0,1,1887.9,1887.9,1.37,1.37,0,1
1817,12,1195964,164,0,0,0,0,0.0,0.0,0.00,0.00,0,0
1818,13,1196128,164,3,3,3,0,3138.0,4265.0,-4.64,-1.09,3,0
1819,14,1196292,164,3,3,2,1,1527.3,5129.9,-4.91,4.64,2,1
1820,15,1196456,164,3,3,2,1,1432.8,2105.8,-5.46,2.18,1,2
1821,16,1196620,164,0,0,0,0,0.0,0.0,0.00,0.00,0,0
1822,0,1196784,164,1,1,1,0,3114.4,3114.4,2.18,2.18,1,0
1823,1,1196948,164,2,2,1,1,2326.2,3114.9,2.18,41.23,2,0
1824,2,1197112,164,0,0,0,0,0.0,0.0,0.00,0.00,0,0
1825,3,1197276,164,1,1,1,0,4218.4,4218.4,3.28,3.28,1,0
1826,4,1197440,164,13,13,13,0,1410.9,11439.1,-7.92,35.49,4,9
1827,5,1197604,164,0,0,0,0,0.0,0.0,0.00,0.00,0,0
1828,6,1197768,164,2,2,1,1,642.0,2346.1,1.64,5.73,1,1
1829,7,1197932,164,12,12,8,4,550.1,10718.1,-1.37,34.13,1,11
1830,8,1198096,164,22,22,9,13,477.3,10819.8,-60.89,22.39,6,16
1831,9,1198260,164,5,5,1,4,497.2,2465.9,-9.28,1.09,1,4
1832,10,1198424,164,5,5,1,4,474.4,2058.6,-9.28,1.37,1,4
1833,11,1198588,164,4,4,1,3,358.8,4672.4,-4.10,1.64,1,3
1834,12,1198752,164,3,3,1,2,552.9,4146.6,-6.01,49.15,1,2
1835,13,1198916,164,2,2,2,0,3161.0,4242.7,-3.00,0.82,2,0
1836,14,1199080,164,6,6,1,5,260.7,3160.5,-5.73,6.83,2,4
1837,15,1199244,164,3,3,2,1,1434.4,3018.6,-3.82,-1.09,1,2
1838,16,1199408,164,1,1,0,1,618.8,618.8,6.55,6.55,1,0
1839,0,1199572,164,2,2,2,0,3114.4,8246.8,1.37,14.74,2,0
1840,1,1199736,164,1,1,1,0,3114.4,3114.4,1.64,1.64,1,0
1841,2,1199900,164,2,2,2,0,4338.9,10432.7,-11.19,0.82,2,0
1842,3,1200064,164,2,2,0,2,1960.5,1986.1,-0.82,0.82,0,2
1843,4,1200228,164,15,15,12,3,1315.3,11439.0,-37.13,46.96,5,10
1844,5,1200392,164,0,0,0,0,0.0,0.0,0.00,0.00,0,0
1845,6,1200556,164,2,2,1,1,644.2,2320.6,-0.82,6.28,1,1
1846,7,1200720,164,19,19,10,9,549.8,11445.6,-34.40,18.57,5,14
1847,8,1200884,164,14,14,7,7,615.3,10824.4,-35.22,30.31,5,9
1848,9,1201048,164,6,6,2,4,503.3,7743.5,-7.37,3.17,3,3
1849,10,1201212,164,4,4,0,4,646.6,2103.3,-3.55,61.16,1,3
1850,11,1201376,164,4,4,2,2,357.3,5466.7,-3.00,10.92,2,2
1851,12,1201540,164,1,1,0,1,1578.2,1578.2,-2.18,-2.18,0,1
1852,13,1201704,164,1,1,1,0,3161.9,3161.9,-5.46,-5.46,1,0
1853,14,1201868,164,2,2,1,1,283.2,3162.2,-5.73,-5.19,2,0
1854,15,1202032,164,1,1,1,0,2129.9,2129.9,-7.65,-7.65,1,0
1855,16,1202196,164,1,1,0,1,2056.6,2056.6,-4.37,-4.37,1,0
1856,0,1202360,164,2,2,2,0,3113.4,3113.6,4.64,4.75,2,0
1857,1,1202524,164,2,2,2,0,3092.0,3113.5,4.64,4.75,2,0
1858,2,1202688,164,0,0,0,0,0.0,0.0,0.00,0.00,0,0
1859,3,1202852,164,0,0,0,0,0.0,0.0,0.00,0.00,0,0
1860,4,1203016,164,15,15,14,1,1316.7,11438.9,-58.70,65.26,4,11
1861,5,1203180,164,1,1,1,0,2393.9,2393.9,3.55,3.55,1,0
1862,6,1203344,164,4,4,2,2,570.4,2370.2,-1.09,3.55,2,2
1863,7,1203508,164,11,11,6,5,550.9,10718.1,-1.91,9.56,2,9
1864,8,1203672,164,18,18,6,12,480.8,10774.3,-67.71,24.57,1,17
1865,9,1203836,164,4,4,1,3,453.7,5229.3,-0.82,3.00,2,2
1866,10,1204000,164,2,2,0,2,480.1,687.8,-2.46,-0.82,1,1
1867,11,1204164,164,3,3,1,2,425.8,1913.5,-0.82,21.02,0,3
1868,12,1204328,164,2,2,1,1,1579.9,5447.0,-0.82,4.91,1,1
1869,13,1204492,164,2,2,1,1,288.4,2873.9,-21.02,-6.01,1,1
1870,14,1204656,164,3,3,1,2,1749.8,2585.4,-2.18,-0.82,1,2
1871,15,1204820,164,3,3,0,3,1556.6,2177.4,-2.46,1.64,1,2
1872,16,1204984,164,1,1,0,1,1431.2,1431.2,2.18,2.18,0,1
1873,0,1205148,164,2,2,2,0,3090.4,3091.2,2.73,3.17,2,0
1874,1,1205312,164,1,1,1,0,3090.7,3090.7,2.18,2.18,1,0
1875,2,1205476,164,1,1,1,0,4410.0,4410.0,-11.74,-11.74,1,0
1876,3,1205640,164,0,0,0,0,0.0,0.0,0.00,0.00,0,0
1877,4,1205804,164,18,18,16,2,1334.7,11439.8,-42.87,62.25,6,12
1878,5,1205968,164,2,2,2,0,2370.2,2443.6,-3.28,1.09,2,0
1879,6,1206132,164,5,5,4,1,623.7,12569.0,-1.37,64.16,4,1
1880,7,1206296,164,18,18,10,8,531.0,11486.3,-56.25,65.80,4,14
1881,8,1206460,164,20,20,7,13,481.8,5422.0,-167.00,11.47,9,11
1882,9,1206624,164,7,7,4,3,1026.9,9814.2,-4.91,3.82,5,2
1883,10,1206788,164,2,2,1,1,525.3,3208.8,-4.64,1.09,1,1
1884,11,1206952,164,2,2,0,2,453.0,759.5,-8.19,-2.73,1,1
1885,12,1207116,164,1,1,0,1,1578.2,1578.2,0.82,0.82,0,1
1886,13,1207280,164,0,0,0,0,0.0,0.0,0.00,0.00,0,0
1887,14,1207444,164,3,3,2,1,1722.9,3209.9,-11.19,-0.82,2,1
1888,15,1207608,164,1,1,1,0,2584.8,2584.8,-1.37,-1.37,0,1
1889,16,1207772,164,1,1,0,1,1632.2,1632.2,1.09,1.09,0,1
1890,0,1207936,164,1,1,1,0,3091.2,3091.2,-1.37,-1.37,1,0
1891,1,1208100,164,0,0,0,0,0.0,0.0,0.00,0.00,0,0
1892,2,1208264,164,0,0,0,0,0.0,0.0,0.00,0.00,0,0
1893,3,1208428,164,0,0,0,0,0.0,0.0,0.00,0.00,0,0
1894,4,1208592,164,25,25,22,3,1221.2,12160.3,-63.62,40.14,9,16
1895,5,1208756,164,1,1,1,0,2801.7,2801.7,1.37,1.37,1,0
1896,6,1208920,164,2,2,2,0,2250.6,2393.1,-6.01,6.83,2,0
1897,7,1209084,164,12,12,6,6,1505.6,10718.5,-68.26,1.37,1,11
1898,8,1209248,164,20,20,8,12,504.3,10771.2,-172.76,67.99,8,12
1899,9,1209412,164,1,1,0,1,1049.3,1049.3,-6.83,-6.83,0,1
1900,10,1209576,164,5,5,1,4,499.3,3234.1,-10.38,0.82,2,3
1901,11,1209740,164,2,2,0,2,664.8,1629.3,-2.73,1.09,1,1
1902,12,1209904,164,1,1,1,0,3041.7,3041.7,64.98,64.98,1,0
1903,13,1210068,164,2,2,1,1,1317.3,3088.7,10.65,64.98,2,0
1904,14,1210232,164,2,2,2,0,2586.5,3256.7,-12.56,-0.82,1,1
1905,15,1210396,164,2,2,1,1,1586.4,2971.0,-11.19,-3.82,1,1
1906,16,1210560,164,2,2,0,2,1676.9,1899.8,1.37,7.10,0,2
1907,0,1210724,164,0,0,0,0,0.0,0.0,0.00,0.00,0,0
1908,1,1210888,164,1,1,1,0,3091.2,3091.2,0.82,0.82,1,0
1909,2,1211052,164,0,0,0,0,0.0,0.0,0.00,0.00,0,0
1910,3,1211216,164,0,0,0,0,0.0,0.0,0.00,0.00,0,0
1911,4,1211380,164,16,16,14,2,1319.0,11439.5,-56.52,63.07,5,11
1912,5,1211544,164,0,0,0,0,0.0,0.0,0.00,0.00,0,0
1913,6,1211708,164,2,2,1,1,1245.4,2416.8,-10.65,0.82,2,0
1914,7,1211872,164,12,12,8,4,692.9,10718.6,-15.02,29.21,1,11
1915,8,1212036,164,18,18,5,13,497.0,10767.5,-172.76,51.60,2,16
1916,9,1212200,164,3,3,2,1,593.9,2008.2,-178.52,-1.09,2,1
1917,10,1212364,164,1,1,0,1,1149.5,1149.5,3.28,3.28,1,0
1918,11,1212528,164,3,3,1,2,1650.0,4650.2,-3.00,-1.09,1,2
1919,12,1212692,164,1,1,0,1,1559.1,1559.1,1.64,1.64,0,1
1920,13,1212856,164,0,0,0,0,0.0,0.0,0.00,0.00,0,0
1921,14,1213020,164,7,7,3,4,1552.1,5197.5,-10.92,9.83,3,4
1922,15,1213184,164,1,1,1,0,1578.2,1578.2,-1.37,-1.37,0,1
1923,16,1213348,164,0,0,0,0,0.0,0.0,0.00,0.00,0,0
1924,0,1213512,164,2,2,2,0,3089.5,6109.8,3.28,12.01,2,0
1925,1,1213676,164,1,1,1,0,3089.9,3089.9,3.28,3.28,1,0
1926,2,1213840,164,0,0,0,0,0.0,0.0,0.00,0.00,0,0
1927,3,1214004,164,0,0,0,0,0.0,0.0,0.00,0.00,0,0
1928,4,1214168,164,18,18,17,1,1340.5,11439.4,-55.43,3.55,7,11
1929,5,1214332,164,4,4,4,0,2298.7,4193.6,-1.09,2.46,3,1
1930,6,1214496,164,4,4,3,1,623.0,11466.2,-4.37,16.66,2,2
1931,7,1214660,164,13,13,10,3,689.9,11587.9,-4.37,6.55,6,7
1932,8,1214824,164,15,15,7,8,618.9,10822.0,-178.52,46.96,4,11
1933,9,1214988,164,2,2,0,2,620.4,836.4,1.37,2.46,0,2
1934,10,1215152,164,2,2,1,1,331.6,2548.5,-178.52,-3.28,2,0
1935,11,1215316,164,4,4,3,1,481.8,5391.9,-1.09,9.28,3,1
1936,12,1215480,164,1,1,1,0,4241.2,4241.2,64.71,64.71,1,0
1937,13,1215644,164,2,2,2,0,4264.8,4267.5,-1.09,64.71,2,0
1938,14,1215808,164,4,4,2,2,1943.1,5153.2,-6.28,7.37,1,3
1939,15,1215972,164,3,3,0,3,503.9,1606.6,-60.07,1.09,1,2
1940,16,1216136,164,1,1,1,0,1913.3,1913.3,-1.09,-1.09,0,1
1941,0,1216300,164,1,1,1,0,3067.3,3067.3,2.46,2.46,1,0
1942,1,1216464,164,1,1,1,0,3089.5,3089.5,2.18,2.18,1,0
1943,2,1216628,164,0,0,0,0,0.0,0.0,0.00,0.00,0,0
1944,3,1216792,164,0,0,0,0,0.0,0.0,0.00,0.00,0,0
1945,4,1216956,164,17,17,15,2,1316.2,11439.4,-54.06,68.53,9,8
1946,5,1217120,164,2,2,2,0,2347.3,3882.2,1.64,3.82,2,0
1947,6,1217284,164,3,3,3,0,2130.7,11468.4,-2.73,15.29,2,1
1948,7,1217448,164,17,17,9,8,1508.5,11469.1,-36.31,23.48,7,10
1949,8,1217612,164,17,17,7,10,600.4,10815.1,-59.25,25.94,3,14
1950,9,1217776,164,4,4,2,2,337.7,7749.9,-7.10,184.28,4,0
1951,10,1217940,164,4,4,2,2,352.5,5254.2,-6.83,184.28,3,1
1952,11,1218104,164,4,4,2,2,379.2,2465.7,-4.64,10.38,0,4
1953,12,1218268,164,0,0,0,0,0.0,0.0,0.00,0.00,0,0
1954,13,1218432,164,1,1,0,1,2327.2,2327.2,0.82,0.82,0,1
1955,14,1218596,164,0,0,0,0,0.0,0.0,0.00,0.00,0,0
1956,15,1218760,164,3,3,1,2,1649.0,2235.4,-1.37,2.18,0,3
1957,16,1218924,164,1,1,1,0,6425.0,6425.0,-65.80,-65.80,0,1
1958,0,1219088,164,0,0,0,0,0.0,0.0,0.00,0.00,0,0
1959,1,1219252,164,3,3,2,1,1892.5,12687.5,-95.02,0.82,1,2
1960,2,1219416,164,3,3,1,2,1892.4,4410.5,-0.82,8.19,1,2
1961,3,1219580,164,0,0,0,0,0.0,0.0,0.00,0.00,0,0
1962,4,1219744,164,10,10,8,2,1292.7,11439.6,-4.10,34.68,5,5
1963,5,1219908,164,1,1,1,0,2298.0,2298.0,-1.37,-1.37,1,0
1964,6,1220072,164,1,1,0,1,2132.8,2132.8,13.11,13.11,1,0
1965,7,1220236,164,17,17,10,7,549.5,11465.6,-35.22,14.74,4,13
1966,8,1220400,164,19,19,9,10,506.0,10815.2,-34.13,54.06,5,14
1967,9,1220564,164,5,5,2,3,361.4,3541.2,-8.19,184.28,2,3
1968,10,1220728,164,2,2,2,0,3234.7,3564.6,-1.64,184.28,2,0
1969,11,1220892,164,3,3,2,1,448.9,4291.6,-7.10,6.33,2,1
1970,12,1221056,164,1,1,1,0,5463.6,5463.6,64.44,64.44,1,0
1971,13,1221220,164,3,3,2,1,814.9,5061.8,-11.52,3.55,3,0
1972,14,1221384,164,3,3,1,2,1658.8,5083.4,-8.74,3.55,1,2
1973,15,1221548,164,1,1,1,0,3304.2,3304.2,1.64,1.64,1,0
1974,16,1221712,164,1,1,0,1,1912.4,1912.4,1.09,1.09,0,1
1975,0,1221876,164,0,0,0,0,0.0,0.0,0.00,0.00,0,0
1976,1,1222040,164,0,0,0,0,0.0,0.0,0.00,0.00,0,0
1977,2,1222204,164,1,1,1,0,3067.4,3067.4,-1.09,-1.09,1,0
1978,3,1222368,164,1,1,1,0,12207.3,12207.3,0.82,0.82,1,0
1979,4,1222532,164,14,14,12,2,1320.1,11439.4,-65.53,42.59,6,8
1980,5,1222696,164,3,3,3,0,2274.0,2393.4,-4.37,17.20,3,0
1981,6,1222860,164,1,1,0,1,2104.7,2104.7,5.73,5.73,1,0
1982,7,1223024,164,15,15,7,8,1419.4,10718.7,-43.96,45.60,3,12
1983,8,1223188,164,15,15,6,9,615.0,10770.6,-67.99,59.25,5,10
1984,9,1223352,164,4,4,2,2,838.6,7749.0,-5.73,184.28,2,2
1985,10,1223516,164,2,2,1,1,812.9,4108.3,-1.09,184.28,1,1
1986,11,1223680,164,6,6,4,2,379.2,6040.1,-59.52,4.10,4,2
1987,12,1223844,164,2,2,2,0,6059.7,6066.8,64.44,64.44,2,0
1988,13,1224008,164,1,1,1,0,6096.3,6096.3,64.44,64.44,1,0
1989,14,1224172,164,1,1,0,1,1696.8,1696.8,-11.47,-11.47,0,1
1990,15,1224336,164,0,0,0,0,0.0,0.0,0.00,0.00,0,0
1991,16,1224500,164,0,0,0,0,0.0,0.0,0.00,0.00,0,0
1992,0,1224664,164,0,0,0,0,0.0,0.0,0.00,0.00,0,0
1993,1,1224828,164,0,0,0,0,0.0,0.0,0.00,0.00,0,0
1994,2,1224992,164,2,2,2,0,4360.4,11804.5,12.01,33.58,1,1
1995,3,1225156,164,1,1,1,0,2777.5,2777.5,3.00,3.00,1,0
1996,4,1225320,164,13,13,11,2,1317.4,11439.5,-63.34,40.68,5,8
1997,5,1225484,164,2,2,1,1,430.1,2226.1,-120.93,13.65,2,0
1998,6,1225648,164,2,2,0,2,2037.0,2086.2,3.55,6.01,2,0
1999,7,1225812,164,12,12,7,5,378.1,10718.6,-62.53,67.44,3,9
2000,8,1225976,164,17,17,4,13,376.5,10772.1,-50.24,24.03,1,16
2001,9,1226140,164,3,3,2,1,1677.8,4146.3,-2.73,167.00,1,2
2002,10,1226304,164,2,2,2,0,4622.2,4637.5,178.52,178.52,2,0
2003,11,1226468,164,4,4,3,1,1919.9,6616.3,-61.98,4.91,3,1
2004,12,1226632,164,1,1,1,0,6668.1,6668.1,64.16,64.16,1,0
2005,13,1226796,164,1,1,1,0,6709.9,6709.9,64.44,64.44,1,0
2006,14,1226960,164,3,3,1,2,909.7,6280.2,-34.40,1.09,2,1
2007,15,1227124,164,1,1,0,1,1629.4,1629.4,1.09,1.09,0,1
2008,16,1227288,164,0,0,0,0,0.0,0.0,0.00,0.00,0,0
2009,0,1227452,164,0,0,0,0,0.0,0.0,0.00,0.00,0,0
2010,1,1227616,164,0,0,0,0,0.0,0.0,0.00,0.00,0,0
2011,2,1227780,164,1,1,1,0,3088.6,3088.6,1.91,1.91,1,0
2012,3,1227944,164,1,1,1,0,12166.1,12166.1,-0.82,-0.82,1,0
2013,4,1228108,164,17,17,15,2,1318.0,12182.5,-47.78,5.19,9,8
2014,5,1228272,164,2,2,1,1,2254.5,2272.6,-2.18,6.01,2,0
2015,6,1228436,164,2,2,0,2,2034.1,2084.0,2.46,10.38,2,0
2016,7,1228600,164,19,19,8,11,381.3,10719.2,-51.33,59.25,5,14
2017,8,1228764,164,20,20,12,8,617.5,11227.8,-67.44,15.29,5,15
2018,9,1228928,164,2,2,1,1,837.6,7171.9,-33.58,1.09,1,1
2019,10,1229092,164,1,1,1,0,10959.7,10959.7,-38.23,-38.23,0,1
2020,11,1229256,164,2,2,1,1,1538.2,7172.6,-64.16,3.55,1,1
2021,12,1229420,164,1,1,1,0,4410.1,4410.1,-67.99,-67.99,1,0
2022,13,1229584,164,0,0,0,0,0.0,0.0,0.00,0.00,0,0
2023,14,1229748,164,1,1,0,1,1964.3,1964.3,1.09,1.09,0,1
2024,15,1229912,164,2,2,1,1,1368.5,3305.8,-2.18,22.17,2,0
2025,16,1230076,164,0,0,0,0,0.0,0.0,0.00,0.00,0,0
2026,0,1230240,164,0,0,0,0,0.0,0.0,0.00,0.00,0,0
2027,1,1230404,164,2,2,2,0,3067.1,3088.7,4.37,4.75,2,0
2028,2,1230568,164,2,2,2,0,3066.5,4288.9,4.10,11.74,2,0
2029,3,1230732,164,0,0,0,0,0.0,0.0,0.00,0.00,0,0
2030,4,1230896,164,16,16,15,1,1315.5,11439.9,-67.71,63.34,7,9
2031,5,1231060,164,5,5,4,1,2225.6,10312.6,-54.06,4.37,4,1
2032,6,1231224,164,3,3,1,2,381.4,9210.4,-60.61,3.55,3,0
2033,7,1231388,164,17,17,11,6,309.6,10719.0,-57.88,69.35,3,14
2034,8,1231552,164,13,13,7,6,603.0,10823.0,-9.83,22.12,5,8
2035,9,1231716,164,2,2,1,1,838.1,7747.8,-7.10,-1.09,1,1
2036,10,1231880,164,1,1,0,1,838.2,838.2,-1.09,-1.09,0,1
2037,11,1232044,164,6,6,3,3,376.8,7749.1,-66.62,3.82,4,2
2038,12,1232208,164,3,3,3,0,3955.1,7890.4,-8.46,63.89,3,0
2039,13,1232372,164,3,3,3,0,5008.1,7933.7,2.18,63.89,3,0
2040,14,1232536,164,3,3,2,1,1989.0,4990.4,-126.69,6.01,2,1
2041,15,1232700,164,0,0,0,0,0.0,0.0,0.00,0.00,0,0
2042,16,1232864,164,0,0,0,0,0.0,0.0,0.00,0.00,0,0
2043,0,1233028,164,0,0,0,0,0.0,0.0,0.00,0.00,0,0
2044,1,1233192,164,0,0,0,0,0.0,0.0,0.00,0.00,0,0
2045,2,1233356,164,1,1,1,0,4265.7,4265.7,12.01,12.01,1,0
2046,3,1233520,164,0,0,0,0,0.0,0.0,0.00,0.00,0,0
2047,4,1233684,164,16,16,13,3,1292.5,11439.6,-2.73,48.87,8,8
2048,5,1233848,164,6,6,3,3,2232.5,2826.2,-2.73,5.73,6,0
2049,6,1234012,164,3,3,0,3,722.0,1988.7,-8.19,16.38,2,1
2050,7,1234176,164,16,16,9,7,816.8,10719.0,-55.15,38.50,2,14
2051,8,1234340,164,16,16,7,9,499.8,10774.9,-32.76,63.62,4,12
2052,9,1234504,164,4,4,2,2,786.0,7766.2,-0.82,3.55,1,3
2053,10,1234668,164,2,2,0,2,786.6,838.1,0.82,3.28,1,1
2054,11,1234832,164,4,4,1,3,356.6,3234.9,-1.91,1.91,2,2
2055,12,1234996,164,1,1,1,0,4675.4,4675.4,-5.73,-5.73,1,0
2056,13,1235160,164,0,0,0,0,0.0,0.0,0.00,0.00,0,0
2057,14,1235324,164,2,2,1,1,1983.7,5150.5,1.09,6.01,1,1
2058,15,1235488,164,2,2,1,1,1532.3,3306.9,-1.64,-0.82,1,1
2059,16,1235652,164,2,2,2,0,1433.5,3329.2,-55.70,-1.91,2,0
2060,0,1235816,164,0,0,0,0,0.0,0.0,0.00,0.00,0,0
2061,1,1235980,164,0,0,0,0,0.0,0.0,0.00,0.00,0,0
2062,2,1236144,164,1,1,1,0,4218.6,4218.6,12.01,12.01,1,0
2063,3,1236308,164,0,0,0,0,0.0,0.0,0.00,0.00,0,0
2064,4,1236472,164,15,15,14,1,1317.5,11439.5,-43.41,42.32,7,8
2065,5,1236636,164,1,1,1,0,2250.9,2250.9,11.47,11.47,1,0
2066,6,1236800,164,2,2,0,2,1937.4,1960.8,6.01,11.74,2,0
2067,7,1236964,164,17,17,10,7,1124.8,10719.1,-66.08,2.46,2,15
2068,8,1237128,164,19,19,9,10,614.1,10816.4,-68.53,49.97,3,16
2069,9,1237292,164,4,4,0,4,427.0,1218.5,-1.09,21.57,1,3
2070,10,1237456,164,4,4,2,2,714.3,4695.9,-1.09,1.09,0,4
2071,11,1237620,164,3,3,0,3,359.7,785.9,-9.01,6.01,1,2
2072,12,1237784,164,2,2,2,0,3256.4,8968.0,-7.10,68.81,2,0
2073,13,1237948,164,1,1,0,1,2255.6,2255.6,-0.82,-0.82,0,1
2074,14,1238112,164,6,6,2,4,335.3,4983.0,-22.39,5.19,3,3
2075,15,1238276,164,2,2,2,0,1961.6,3328.9,-2.46,1.09,1,1
2076,16,1238440,164,2,2,2,0,1938.3,3328.8,-2.46,0.82,1,1
2077,0,1238604,164,0,0,0,0,0.0,0.0,0.00,0.00,0,0
2078,1,1238768,164,0,0,0,0,0.0,0.0,0.00,0.00,0,0
2079,2,1238932,164,1,1,1,0,4192.4,4192.4,12.01,12.01,1,0
2080,3,1239096,164,0,0,0,0,0.0,0.0,0.00,0.00,0,0
2081,4,1239260,164,19,19,17,2,502.6,11561.2,-57.34,58.16,6,13
2082,5,1239424,164,3,3,2,1,2246.9,2321.9,-1.37,12.56,3,0
2083,6,1239588,164,0,0,0,0,0.0,0.0,0.00,0.00,0,0
2084,7,1239752,164,9,9,6,3,1778.3,10719.1,-0.82,3.55,1,8
2085,8,1239916,164,20,20,10,10,614.6,10815.6,-34.68,66.35,7,13
2086,9,1240080,164,7,7,3,4,717.5,7747.5,-10.65,7.65,5,2
2087,10,1240244,164,5,5,2,3,770.8,3757.1,-4.10,95.02,3,2
2088,11,1240408,164,4,4,3,1,1920.5,9526.2,-11.19,67.17,3,1
2089,12,1240572,164,4,4,4,0,3258.7,9715.4,-1.64,66.89,4,0
2090,13,1240736,164,2,2,1,1,2271.9,4458.8,0.82,1.09,1,1
2091,14,1240900,164,4,4,1,3,1532.8,5128.4,-2.73,1.37,1,3
2092,15,1241064,164,1,1,1,0,3329.9,3329.9,-1.37,-1.37,1,0
2093,16,1241228,164,2,2,2,0,1938.5,3329.7,-1.37,-0.82,1,1
2094,0,1241392,164,0,0,0,0,0.0,0.0,0.00,0.00,0,0
2095,1,1241556,164,0,0,0,0,0.0,0.0,0.00,0.00,0,0
2096,2,1241720,164,3,3,3,0,3066.8,9734.9,-2.46,12.01,3,0
2097,3,1241884,164,1,1,1,0,2682.9,2682.9,3.28,3.28,1,0
2098,4,1242048,164,10,10,9,1,1441.0,11439.2,-54.61,6.28,4,6
2099,5,1242212,164,0,0,0,0,0.0,0.0,0.00,0.00,0,0
2100,6,1242376,164,1,1,0,1,2014.4,2014.4,-1.09,-1.09,1,0
2101,7,1242540,164,14,14,9,5,1487.5,10718.8,-45.05,49.69,1,13
2102,8,1242704,164,17,17,6,11,602.6,10769.9,-58.70,68.53,1,16
2103,9,1242868,164,3,3,1,2,787.8,3904.7,-2.18,1.09,1,2
2104,10,1243032,164,3,3,2,1,787.1,4311.1,0.82,90.49,2,1
2105,11,1243196,164,6,6,2,4,357.0,3569.0,-6.01,33.86,3,3
2106,12,1243360,164,2,2,2,0,4628.8,4693.6,-1.91,-1.64,2,0
2107,13,1243524,164,3,3,2,1,2275.4,10362.6,-0.82,63.07,2,1
2108,14,1243688,164,2,2,1,1,2225.7,2277.8,-8.19,-1.09,0,2
2109,15,1243852,164,2,2,1,1,1549.7,5153.9,-61.43,-1.37,1,1
2110,16,1244016,164,1,1,0,1,1894.5,1894.5,-1.91,-1.91,0,1
2111,0,1244180,164,0,0,0,0,0.0,0.0,0.00,0.00,0,0
2112,1,1244344,164,1,1,1,0,4122.9,4122.9,11.74,11.74,1,0
2113,2,1244508,164,2,2,2,0,3066.0,4122.3,0.82,11.74,2,0
2114,3,1244672,164,1,1,1,0,3065.8,3065.8,0.82,0.82,1,0
2115,4,1244836,164,15,15,12,3,1291.2,11439.1,-69.08,52.97,5,10
2116,5,1245000,164,3,3,1,2,2036.6,2563.3,-5.73,4.64,3,0
2117,6,1245164,164,2,2,2,0,2130.1,3497.9,2.46,43.69,2,0
2118,7,1245328,164,11,11,8,3,1746.0,10718.5,-49.97,3.82,4,7
2119,8,1245492,164,18,18,8,10,601.3,10764.4,-61.71,59.80,4,14
2120,9,1245656,164,3,3,2,1,1074.3,9954.8,-5.19,5.46,3,0
2121,10,1245820,164,1,1,0,1,792.1,792.1,0.82,0.82,0,1
2122,11,1245984,164,4,4,3,1,1882.4,4908.3,-2.46,167.00,4,0
2123,12,1246148,164,1,1,1,0,10772.1,10772.1,63.34,63.34,1,0
2124,13,1246312,164,2,2,1,1,2273.8,4987.0,-0.82,6.01,1,1
2125,14,1246476,164,2,2,0,2,1583.2,1600.7,9.01,9.28,0,2
2126,15,1246640,164,1,1,0,1,2110.5,2110.5,-3.82,-3.82,0,1
2127,16,1246804,164,3,3,1,2,1892.6,3330.5,-1.37,1.37,1,2
2128,0,1246968,164,0,0,0,0,0.0,0.0,0.00,0.00,0,0
2129,1,1247132,164,0,0,0,0,0.0,0.0,0.00,0.00,0,0
2130,2,1247296,164,2,2,2,0,3065.5,4097.0,-2.46,12.01,2,0
2131,3,1247460,164,0,0,0,0,0.0,0.0,0.00,0.00,0,0
2132,4,1247624,164,19,19,14,5,1316.7,11439.5,-53.52,66.89,7,12
2133,5,1247788,164,2,2,1,1,2232.4,3811.0,1.91,4.64,2,0
2134,6,1247952,164,2,2,2,0,1866.1,6353.9,-0.82,4.64,1,1
2135,7,1248116,164,13,13,9,4,860.4,11464.8,-0.82,48.60,2,11
2136,8,1248280,164,22,22,10,12,601.5,10774.4,-31.67,38.23,6,16
2137,9,1248444,164,4,4,1,3,789.0,3880.5,-3.82,7.37,4,0
2138,10,1248608,164,0,0,0,0,0.0,0.0,0.00,0.00,0,0
2139,11,1248772,164,2,2,1,1,841.3,5463.6,1.09,90.49,1,1
2140,12,1248936,164,2,2,2,0,5271.2,11389.7,-3.55,61.98,2,0
2141,13,1249100,164,2,2,2,0,2250.6,4482.0,0.82,0.82,1,1
2142,14,1249264,164,4,4,2,2,1558.0,5031.3,-6.01,1.37,1,3
2143,15,1249428,164,2,2,1,1,1553.7,2255.9,-3.28,1.37,0,2
2144,16,1249592,164,2,2,1,1,1436.4,3352.5,0.82,1.37,1,1
2145,0,1249756,164,0,0,0,0,0.0,0.0,0.00,0.00,0,0
2146,1,1249920,164,0,0,0,0,0.0,0.0,0.00,0.00,0,0
2147,2,1250084,164,2,2,2,0,3067.5,4049.8,-3.00,11.74,2,0
2148,3,1250248,164,1,1,1,0,3066.7,3066.7,-2.73,-2.73,1,0
2149,4,1250412,164,13,13,10,3,1338.0,11439.4,-47.24,14.20,4,9
2150,5,1250576,164,2,2,0,2,2016.9,2163.6,-3.28,14.20,2,0
2151,6,1250740,164,0,0,0,0,0.0,0.0,0.00,0.00,0,0
2152,7,1250904,164,18,18,12,6,838.2,11468.0,-27.58,55.15,3,15
2153,8,1251068,164,16,16,7,9,600.7,10819.2,-45.60,37.95,5,11
2154,9,1251232,164,5,5,1,4,792.3,3857.2,1.09,5.46,4,1
2155,10,1251396,164,1,1,0,1,1531.8,1531.8,-1.09,-1.09,0,1
2156,11,1251560,164,3,3,1,2,425.9,4749.3,0.82,21.30,1,2
2157,12,1251724,164,1,1,1,0,11996.6,11996.6,60.34,60.34,1,0
2158,13,1251888,164,2,2,1,1,2277.2,12191.9,1.09,63.34,1,1
2159,14,1252052,164,0,0,0,0,0.0,0.0,0.00,0.00,0,0
2160,15,1252216,164,1,1,0,1,2326.4,2326.4,-9.28,-9.28,0,1
2161,16,1252380,164,2,2,2,0,3330.8,4482.3,0.82,1.64,2,0
2162,0,1252544,164,0,0,0,0,0.0,0.0,0.00,0.00,0,0
2163,1,1252708,164,1,1,1,0,6450.0,6450.0,-68.81,-68.81,1,0
2164,2,1252872,164,2,2,1,1,649.6,3089.9,-6.28,-1.91,1,1
2165,3,1253036,164,1,1,1,0,3089.2,3089.2,-1.91,-1.91,1,0
2166,4,1253200,164,16,16,16,0,1457.8,11438.9,-67.71,34.95,6,10
2167,5,1253364,164,2,2,0,2,2129.4,2154.2,2.73,4.91,2,0
2168,6,1253528,164,2,2,2,0,6354.7,11465.4,0.82,3.28,0,2
2169,7,1253692,164,19,19,10,9,816.5,10718.8,-52.97,57.61,1,18
2170,8,1253856,164,17,17,8,9,601.2,10772.2,-51.06,41.23,7,10
2171,9,1254020,164,4,4,3,1,789.9,7771.7,-4.64,5.73,4,0
2172,10,1254184,164,1,1,1,0,7772.8,7772.8,-4.64,-4.64,0,1
2173,11,1254348,164,3,3,0,3,767.3,2202.9,0.82,2.18,1,2
2174,12,1254512,164,1,1,1,0,12622.9,12622.9,58.98,58.98,1,0
2175,13,1254676,164,0,0,0,0,0.0,0.0,0.00,0.00,0,0
2176,14,1254840,164,3,3,1,2,259.9,5008.9,-46.69,5.73,2,1
2177,15,1255004,164,2,2,1,1,1608.7,7191.1,-9.28,42.32,1,1
2178,16,1255168,164,1,1,1,0,2082.2,2082.2,1.09,1.09,0,1
2179,0,1255332,164,0,0,0,0,0.0,0.0,0.00,0.00,0,0
2180,1,1255496,164,0,0,0,0,0.0,0.0,0.00,0.00,0,0
2181,2,1255660,164,0,0,0,0,0.0,0.0,0.00,0.00,0,0
2182,3,1255824,164,1,1,1,0,3089.9,3089.9,-0.82,-0.82,1,0
2183,4,1255988,164,16,16,13,3,455.1,11439.4,-64.71,42.05,9,7
2184,5,1256152,164,0,0,0,0,0.0,0.0,0.00,0.00,0,0
2185,6,1256316,164,0,0,0,0,0.0,0.0,0.00,0.00,0,0
2186,7,1256480,164,17,17,10,7,809.5,10719.0,-67.99,22.66,4,13
2187,8,1256644,164,15,15,6,9,545.9,10770.8,-69.35,51.33,3,12
2188,9,1256808,164,1,1,1,0,3832.9,3832.9,4.37,4.37,1,0
2189,10,1256972,164,1,1,1,0,3832.5,3832.5,4.10,4.10,1,0
2190,11,1257136,164,0,0,0,0,0.0,0.0,0.00,0.00,0,0
2191,12,1257300,164,0,0,0,0,0.0,0.0,0.00,0.00,0,0
2192,13,1257464,164,2,2,0,2,553.1,2270.9,-0.82,-0.82,0,2
2193,14,1257628,164,3,3,2,1,2275.4,5030.5,-7.10,-0.82,1,2
2194,15,1257792,164,0,0,0,0,0.0,0.0,0.00,0.00,0,0
2195,16,1257956,164,0,0,0,0,0.0,0.0,0.00,0.00,0,0
2196,0,1258120,164,0,0,0,0,0.0,0.0,0.00,0.00,0,0
2197,1,1258284,164,0,0,0,0,0.0,0.0,0.00,0.00,0,0
2198,2,1258448,164,1,1,1,0,4003.2,4003.2,3.28,3.28,1,0
2199,3,1258612,164,0,0,0,0,0.0,0.0,0.00,0.00,0,0
2200,4,1258776,164,13,13,10,3,448.4,11438.6,-61.43,4.91,6,7
2201,5,1258940,164,1,1,0,1,2254.8,2254.8,0.82,0.82,0,1
2202,6,1259104,164,2,2,2,0,6309.2,6643.1,-0.82,61.98,1,1
2203,7,1259268,164,15,15,7,8,815.2,10718.5,-42.32,50.78,2,13
2204,8,1259432,164,14,14,6,8,602.3,10148.6,-33.58,27.85,3,11
2205,9,1259596,164,4,4,3,1,904.2,7772.9,-0.82,5.19,1,3
2206,10,1259760,164,3,3,2,1,1082.3,3810.6,-0.82,3.28,3,0
2207,11,1259924,164,2,2,1,1,810.0,4817.8,-6.55,-0.82,1,1
2208,12,1260088,164,0,0,0,0,0.0,0.0,0.00,0.00,0,0
2209,13,1260252,164,2,2,1,1,2257.9,2970.9,-1.09,0.82,1,1
2210,14,1260416,164,2,2,1,1,2300.5,5030.9,-7.92,0.82,1,1
2211,15,1260580,164,0,0,0,0,0.0,0.0,0.00,0.00,0,0
2212,16,1260744,164,1,1,0,1,1964.1,1964.1,1.09,1.09,0,1
2213,0,1260908,164,0,0,0,0,0.0,0.0,0.00,0.00,0,0
2214,1,1261072,164,0,0,0,0,0.0,0.0,0.00,0.00,0,0
2215,2,1261236,164,1,1,1,0,4001.3,4001.3,7.10,7.10,1,0
2216,3,1261400,164,1,1,1,0,3090.3,3090.3,-1.09,-1.09,1,0
2217,4,1261564,164,15,15,12,3,1443.9,11439.1,-42.32,8.19,7,8
2218,5,1261728,164,1,1,0,1,2272.2,2272.2,-2.73,-2.73,1,0
2219,6,1261892,164,1,1,1,0,6302.8,6302.8,0.82,0.82,1,0
2220,7,1262056,164,9,9,7,2,839.3,11466.0,-4.37,3.28,1,8
2221,8,1262220,164,16,16,7,9,602.3,10815.6,-66.62,22.66,4,12
2222,9,1262384,164,1,1,0,1,2162.5,2162.5,-2.73,-2.73,1,0
2223,10,1262548,164,3,3,2,1,1842.6,4743.1,-1.09,4.64,1,2
2224,11,1262712,164,2,2,1,1,807.5,2465.8,1.09,4.64,1,1
2225,12,1262876,164,2,2,1,1,1483.2,5294.5,-0.82,3.55,1,1
2226,13,1263040,164,0,0,0,0,0.0,0.0,0.00,0.00,0,0
2227,14,1263204,164,1,1,1,0,5053.6,5053.6,-4.64,-4.64,1,0
2228,15,1263368,164,1,1,0,1,1987.4,1987.4,2.18,2.18,0,1
2229,16,1263532,164,1,1,0,1,1984.7,1984.7,1.91,1.91,0,1
2230,0,1263696,164,1,1,1,0,10864.8,10864.8,25.12,25.12,1,0
2231,1,1263860,164,1,1,1,0,4145.9,4145.9,-32.76,-32.76,1,0
2232,2,1264024,164,1,1,1,0,3978.2,3978.2,10.10,10.10,1,0
2233,3,1264188,164,1,1,1,0,3090.5,3090.5,-1.64,-1.64,1,0
2234,4,1264352,164,13,13,11,2,1316.6,11439.2,-8.46,7.10,7,6
2235,5,1264516,164,1,1,0,1,2037.7,2037.7,8.19,8.19,1,0
2236,6,1264680,164,1,1,1,0,6311.9,6311.9,0.82,0.82,0,1
2237,7,1264844,164,12,12,8,4,811.4,11462.5,-38.23,14.47,2,10
2238,8,1265008,164,16,16,7,9,619.0,10814.4,-4.91,58.98,3,13
2239,9,1265172,164,0,0,0,0,0.0,0.0,0.00,0.00,0,0
2240,10,1265336,164,4,4,2,2,1097.0,9595.1,-14.20,7.65,3,1
2241,11,1265500,164,2,2,1,1,819.0,2466.6,-3.55,0.82,0,2
2242,12,1265664,164,1,1,0,1,1702.1,1702.1,-1.37,-1.37,1,0
2243,13,1265828,164,1,1,1,0,4314.6,4314.6,1.09,1.09,1,0
2244,14,1265992,164,3,3,1,2,1171.1,5054.7,-6.01,-1.37,1,2
2245,15,1266156,164,1,1,0,1,1431.3,1431.3,3.55,3.55,0,1
2246,16,1266320,164,2,2,1,1,1432.0,1986.3,1.37,3.55,0,2
2247,0,1266484,164,1,1,1,0,12378.2,12378.2,19.66,19.66,1,0
2248,1,1266648,164,0,0,0,0,0.0,0.0,0.00,0.00,0,0
2249,2,1266812,164,1,1,1,0,3953.4,3953.4,12.01,12.01,1,0
2250,3,1266976,164,1,1,1,0,3112.3,3112.3,-3.82,-3.82,1,0
2251,4,1267140,164,11,11,9,2,504.1,11439.0,-60.89,7.92,5,6
2252,5,1267304,164,2,2,0,2,381.5,2019.8,-21.84,4.91,1,1
2253,6,1267468,164,0,0,0,0,0.0,0.0,0.00,0.00,0,0
2254,7,1267632,164,16,16,8,8,649.5,10718.7,-4.64,57.61,2,14
2255,8,1267796,164,13,13,5,8,616.6,10772.9,-46.69,28.94,1,12
2256,9,1267960,164,0,0,0,0,0.0,0.0,0.00,0.00,0,0
2257,10,1268124,164,1,1,1,0,3785.7,3785.7,3.82,3.82,0,1
2258,11,1268288,164,0,0,0,0,0.0,0.0,0.00,0.00,0,0
2259,12,1268452,164,3,3,1,2,792.9,2297.1,-7.10,-1.91,3,0
2260,13,1268616,164,0,0,0,0,0.0,0.0,0.00,0.00,0,0
2261,14,1268780,164,1,1,1,0,5127.5,5127.5,-5.73,-5.73,1,0
2262,15,1268944,164,1,1,0,1,1626.3,1626.3,-0.82,-0.82,0,1
2263,16,1269108,164,1,1,0,1,2035.6,2035.6,1.64,1.64,0,1
2264,0,1269272,164,1,1,1,0,7529.5,7529.5,57.88,57.88,0,1
2265,1,1269436,164,0,0,0,0,0.0,0.0,0.00,0.00,0,0
2266,2,1269600,164,2,2,1,1,1557.3,3906.8,-0.82,11.74,1,1
2267,3,1269764,164,0,0,0,0,0.0,0.0,0.00,0.00,0,0
2268,4,1269928,164,15,15,13,2,1318.0,11439.1,-3.00,49.42,8,7
2269,5,1270092,164,3,3,0,3,382.8,2157.0,1.09,22.12,2,1
2270,6,1270256,164,0,0,0,0,0.0,0.0,0.00,0.00,0,0
2271,7,1270420,164,11,11,8,3,546.7,10718.9,-61.16,42.05,3,8
2272,8,1270584,164,18,18,11,7,524.1,10822.5,-61.16,60.61,5,13
2273,9,1270748,164,1,1,1,0,11778.4,11778.4,-63.07,-63.07,1,0
2274,10,1270912,164,1,1,1,0,3762.5,3762.5,4.10,4.10,0,1
2275,11,1271076,164,2,2,1,1,355.4,3762.4,-1.91,4.10,0,2
2276,12,1271240,164,4,4,2,2,817.0,3163.3,-8.46,-2.46,4,0
2277,13,1271404,164,2,2,1,1,1722.9,4914.7,-5.73,-2.46,2,0
2278,14,1271568,164,0,0,0,0,0.0,0.0,0.00,0.00,0,0
2279,15,1271732,164,1,1,0,1,1432.8,1432.8,4.64,4.64,0,1
2280,16,1271896,164,1,1,0,1,1436.5,1436.5,6.28,6.28,0,1
2281,0,1272060,164,0,0,0,0,0.0,0.0,0.00,0.00,0,0
2282,1,1272224,164,0,0,0,0,0.0,0.0,0.00,0.00,0,0
2283,2,1272388,164,1,1,1,0,3881.7,3881.7,12.01,12.01,1,0
2284,3,1272552,164,1,1,1,0,2634.3,2634.3,-1.64,-1.64,1,0
2285,4,1272716,164,18,18,14,4,505.3,11439.3,-61.16,42.59,8,10
2286,5,1272880,164,1,1,0,1,2034.9,2034.9,6.55,6.55,1,0
2287,6,1273044,164,2,2,1,1,840.7,1577.3,3.55,4.64,2,0
2288,7,1273208,164,10,10,8,2,839.0,10718.9,-0.82,25.67,3,7
2289,8,1273372,164,17,17,9,8,502.7,10821.6,-60.34,58.98,5,12
2290,9,1273536,164,0,0,0,0,0.0,0.0,0.00,0.00,0,0
2291,10,1273700,164,2,2,1,1,1672.6,3234.9,-7.92,4.91,2,0
2292,11,1273864,164,2,2,2,0,3424.2,4748.5,-4.64,-3.17,2,0
2293,12,1274028,164,1,1,0,1,837.3,837.3,-6.01,-6.01,1,0
2294,13,1274192,164,4,4,2,2,837.8,6573.1,-4.91,39.32,4,0
2295,14,1274356,164,2,2,2,0,5008.2,5128.0,6.55,10.38,2,0
2296,15,1274520,164,1,1,0,1,1700.1,1700.1,1.37,1.37,0,1
2297,16,1274684,164,0,0,0,0,0.0,0.0,0.00,0.00,0,0
2298,0,1274848,164,1,1,0,1,383.4,383.4,11.52,11.52,1,0
2299,1,1275012,164,0,0,0,0,0.0,0.0,0.00,0.00,0,0
2300,2,1275176,164,0,0,0,0,0.0,0.0,0.00,0.00,0,0
2301,3,1275340,164,1,1,1,0,12209.7,12209.7,-0.82,-0.82,1,0
2302,4,1275504,164,22,22,18,4,1314.5,11439.2,-61.98,58.43,10,12
2303,5,1275668,164,0,0,0,0,0.0,0.0,0.00,0.00,0,0
2304,6,1275832,164,2,2,1,1,834.4,11462.9,1.91,4.64,2,0
2305,7,1275996,164,15,15,7,8,644.5,10718.8,-53.79,19.39,4,11
2306,8,1276160,164,18,18,6,12,470.3,5272.1,-69.62,61.43,2,16
2307,9,1276324,164,1,1,1,0,4627.9,4627.9,0.82,0.82,0,1
2308,10,1276488,164,0,0,0,0,0.0,0.0,0.00,0.00,0,0
2309,11,1276652,164,3,3,1,2,380.1,4007.0,-4.75,-1.37,1,2
2310,12,1276816,164,4,4,3,1,1388.0,4743.3,-4.75,81.44,3,1
2311,13,1276980,164,1,1,0,1,1728.7,1728.7,-3.28,-3.28,1,0
2312,14,1277144,164,3,3,3,0,4964.3,5108.6,-7.37,11.47,3,0
2313,15,1277308,164,3,3,3,0,1433.9,3018.1,-11.19,5.73,1,2
2314,16,1277472,164,1,1,0,1,1431.5,1431.5,5.73,5.73,0,1
2315,0,1277636,164,0,0,0,0,0.0,0.0,0.00,0.00,0,0
2316,1,1277800,164,0,0,0,0,0.0,0.0,0.00,0.00,0,0
2317,2,1277964,164,1,1,1,0,3810.3,3810.3,12.01,12.01,1,0
2318,3,1278128,164,2,2,2,0,2632.4,12186.2,0.82,4.10,2,0
2319,4,1278292,164,17,17,11,6,455.3,11439.5,-49.15,61.43,9,8
2320,5,1278456,164,2,2,1,1,624.9,3161.3,-5.73,0.82,2,0
2321,6,1278620,164,2,2,1,1,2210.9,11461.8,-0.82,1.64,1,1
2322,7,1278784,164,9,9,7,2,835.2,10718.6,-61.98,41.23,4,5
2323,8,1278948,164,16,16,11,5,617.9,10817.5,-22.39,49.15,5,11
2324,9,1279112,164,0,0,0,0,0.0,0.0,0.00,0.00,0,0
2325,10,1279276,164,2,2,2,0,3162.5,3714.4,2.18,6.01,0,2
2326,11,1279440,164,3,3,3,0,3714.0,5295.0,-6.55,6.01,3,0
2327,12,1279604,164,1,1,1,0,4626.9,4626.9,-4.75,-4.75,1,0
2328,13,1279768,164,1,1,1,0,4545.9,4545.9,-1.09,-1.09,1,0
2329,14,1279932,164,1,1,1,0,5060.6,5060.6,1.37,1.37,1,0
2330,15,1280096,164,1,1,1,0,3353.6,3353.6,21.57,21.57,1,0
2331,16,1280260,164,0,0,0,0,0.0,0.0,0.00,0.00,0,0
2332,0,1280424,164,1,1,0,1,645.9,645.9,-4.91,-4.91,1,0
2333,1,1280588,164,0,0,0,0,0.0,0.0,0.00,0.00,0,0
2334,2,1280752,164,1,1,1,0,3763.7,3763.7,12.01,12.01,1,0
2335,3,1280916,164,0,0,0,0,0.0,0.0,0.00,0.00,0,0
2336,4,1281080,164,11,11,11,0,1458.4,11439.6,-69.35,41.23,3,8
2337,5,1281244,164,1,1,0,1,2012.7,2012.7,12.56,12.56,1,0
2338,6,1281408,164,0,0,0,0,0.0,0.0,0.00,0.00,0,0
2339,7,1281572,164,13,13,6,7,637.2,10718.8,-43.69,69.90,0,13
2340,8,1281736,164,14,14,6,8,546.5,10818.1,-31.95,61.71,7,7
2341,9,1281900,164,1,1,1,0,2969.9,2969.9,4.64,4.64,1,0
2342,10,1282064,164,3,3,3,0,3136.5,12689.7,6.83,61.98,3,0
2343,11,1282228,164,2,2,1,1,377.5,4887.6,-3.82,4.10,1,1
2344,12,1282392,164,2,2,1,1,1482.1,5207.7,-4.75,0.82,1,1
2345,13,1282556,164,2,2,0,2,1509.5,1749.6,-3.82,-1.37,2,0
2346,14,1282720,164,1,1,0,1,768.0,768.0,-1.37,-1.37,1,0
2347,15,1282884,164,0,0,0,0,0.0,0.0,0.00,0.00,0,0
2348,16,1283048,164,1,1,0,1,1123.5,1123.5,-1.64,-1.64,0,1
2349,0,1283212,164,1,1,0,1,645.7,645.7,7.65,7.65,1,0
2350,1,1283376,164,0,0,0,0,0.0,0.0,0.00,0.00,0,0
2351,2,1283540,164,1,1,1,0,3738.7,3738.7,12.01,12.01,1,0
2352,3,1283704,164,1,1,1,0,2585.5,2585.5,8.46,8.46,1,0
2353,4,1283868,164,23,23,18,5,1337.1,11439.9,-51.33,64.16,8,15
2354,5,1284032,164,2,2,2,0,2466.4,3186.3,-6.83,2.18,2,0
2355,6,1284196,164,2,2,0,2,625.1,810.2,-2.18,2.18,2,0
2356,7,1284360,164,13,13,7,6,747.5,10718.6,-66.35,49.97,0,13
2357,8,1284524,164,21,21,9,12,601.0,10819.1,-58.70,69.62,5,16
2358,9,1284688,164,1,1,0,1,1292.9,1292.9,5.46,5.46,0,1
2359,10,1284852,164,0,0,0,0,0.0,0.0,0.00,0.00,0,0
2360,11,1285016,164,2,2,2,0,3690.8,5007.8,-3.00,3.28,2,0
2361,12,1285180,164,3,3,2,1,1484.4,5799.0,-6.83,0.82,2,1
2362,13,1285344,164,2,2,2,0,4289.8,4291.0,1.09,1.37,2,0
2363,14,1285508,164,3,3,2,1,2061.4,6665.1,-54.33,7.10,2,1
2364,15,1285672,164,1,1,0,1,1489.3,1489.3,-0.82,-0.82,0,1
2365,16,1285836,164,4,4,2,2,1962.2,10170.7,-23.48,1.91,0,4
2366,0,1286000,164,1,1,0,1,1941.0,1941.0,1.91,1.91,1,0
2367,1,1286164,164,0,0,0,0,0.0,0.0,0.00,0.00,0,0
2368,2,1286328,164,1,1,1,0,3713.5,3713.5,11.74,11.74,1,0
2369,3,1286492,164,0,0,0,0,0.0,0.0,0.00,0.00,0,0
2370,4,1286656,164,21,21,19,2,455.9,11439.7,-68.53,52.42,9,12
2371,5,1286820,164,1,1,1,0,3210.2,3210.2,-7.65,-7.65,1,0
2372,6,1286984,164,2,2,0,2,1270.1,1292.0,-0.82,0.82,1,1
2373,7,1287148,164,13,13,7,6,1508.4,10718.3,-68.53,57.88,1,12
2374,8,1287312,164,18,18,10,8,310.4,10813.8,-58.43,31.13,7,11
2375,9,1287476,164,1,1,0,1,1121.7,1121.7,-0.82,-0.82,0,1
2376,10,1287640,164,0,0,0,0,0.0,0.0,0.00,0.00,0,0
2377,11,1287804,164,3,3,2,1,339.6,3690.9,-1.91,4.37,1,2
2378,12,1287968,164,1,1,1,0,4819.6,4819.6,-4.64,-4.64,1,0
2379,13,1288132,164,0,0,0,0,0.0,0.0,0.00,0.00,0,0
2380,14,1288296,164,4,4,2,2,980.3,5031.4,-8.74,4.64,4,0
2381,15,1288460,164,1,1,1,0,1457.0,1457.0,5.73,5.73,1,0
2382,16,1288624,164,1,1,1,0,2706.8,2706.8,-1.09,-1.09,0,1
2383,0,1288788,164,0,0,0,0,0.0,0.0,0.00,0.00,0,0
2384,1,1288952,164,2,2,2,0,12210.4,12707.8,-66.08,-0.82,2,0
2385,2,1289116,164,2,2,1,1,1894.5,3667.3,-0.82,12.01,1,1
2386,3,1289280,164,0,0,0,0,0.0,0.0,0.00,0.00,0,0
2387,4,1289444,164,17,17,14,3,451.1,11439.5,-69.35,16.38,8,9
2388,5,1289608,164,2,2,2,0,3233.4,3234.0,-7.37,-7.37,2,0
2389,6,1289772,164,3,3,2,1,835.8,11944.9,-6.01,4.37,1,2
2390,7,1289936,164,16,16,9,7,1433.7,10718.5,-63.62,56.52,3,13
2391,8,1290100,164,13,13,5,8,600.2,10771.5,-39.86,28.40,2,11
2392,9,1290264,164,1,1,1,0,12571.9,12571.9,55.97,55.97,0,1
2393,10,1290428,164,0,0,0,0,0.0,0.0,0.00,0.00,0,0
2394,11,1290592,164,1,1,0,1,2127.7,2127.7,1.37,1.37,0,1
2395,12,1290756,164,5,5,5,0,2633.3,6959.6,-8.74,3.55,4,1
2396,13,1290920,164,1,1,1,0,3307.0,3307.0,65.26,65.26,1,0
2397,14,1291084,164,1,1,1,0,5009.3,5009.3,4.37,4.37,1,0
2398,15,1291248,164,1,1,1,0,2537.6,2537.6,-9.83,-9.83,1,0
2399,16,1291412,164,0,0,0,0,0.0,0.0,0.00,0.00,0,0
2400,0,1291576,164,2,2,0,2,595.3,595.5,2.73,3.55,2,0
2401,1,1291740,164,2,2,2,0,3972.5,12540.3,-90.49,59.80,2,0
2402,2,1291904,164,1,1,1,0,3642.0,3642.0,12.01,12.01,1,0
2403,3,1292068,164,2,2,1,1,1892.2,12213.1,-40.68,-0.82,1,1
2404,4,1292232,164,11,11,7,4,1339.2,11439.1,-60.89,7.37,4,7
2405,5,1292396,164,3,3,2,1,381.5,3257.6,-22.66,-7.65,2,1
2406,6,1292560,164,3,3,3,0,2466.9,3257.7,-7.65,4.37,3,0
2407,7,1292724,164,8,8,7,1,1074.4,10718.7,-1.91,11.19,2,6
2408,8,1292888,164,20,20,11,9,501.0,10816.1,-65.53,53.79,8,12
2409,9,1293052,164,0,0,0,0,0.0,0.0,0.00,0.00,0,0
2410,10,1293216,164,0,0,0,0,0.0,0.0,0.00,0.00,0,0
2411,11,1293380,164,1,1,0,1,382.6,382.6,3.82,3.82,0,1
2412,12,1293544,164,1,1,1,0,7572.8,7572.8,-6.33,-6.33,1,0
2413,13,1293708,164,0,0,0,0,0.0,0.0,0.00,0.00,0,0
2414,14,1293872,164,0,0,0,0,0.0,0.0,0.00,0.00,0,0
2415,15,1294036,164,1,1,0,1,1512.3,1512.3,-1.37,-1.37,0,1
2416,16,1294200,164,0,0,0,0,0.0,0.0,0.00,0.00,0,0
2417,0,1294364,164,0,0,0,0,0.0,0.0,0.00,0.00,0,0
2418,1,1294528,164,1,1,1,0,12380.6,12380.6,46.14,46.14,1,0
2419,2,1294692,164,3,3,3,0,2441.0,12374.9,12.01,45.05,3,0
2420,3,1294856,164,0,0,0,0,0.0,0.0,0.00,0.00,0,0
2421,4,1295020,164,16,16,14,2,504.8,11439.1,-21.84,37.13,4,12
2422,5,1295184,164,2,2,2,0,3280.7,3281.1,-7.37,-7.37,2,0
2423,6,1295348,164,4,4,2,2,859.0,3281.1,-7.37,-0.82,3,1
2424,7,1295512,164,13,13,8,5,1433.4,10718.9,-29.76,66.62,2,11
2425,8,1295676,164,16,16,7,9,601.0,10822.8,-67.99,22.39,6,10
2426,9,1295840,164,4,4,1,3,230.5,7050.1,-1.64,57.61,4,0
2427,10,1296004,164,0,0,0,0,0.0,0.0,0.00,0.00,0,0
2428,11,1296168,164,4,4,3,1,2204.4,5319.8,-4.64,2.73,3,1
2429,12,1296332,164,4,4,4,0,3474.8,8150.4,-6.33,3.55,4,0
2430,13,1296496,164,3,3,2,1,2304.7,4938.6,-0.82,65.53,2,1
2431,14,1296660,164,0,0,0,0,0.0,0.0,0.00,0.00,0,0
2432,15,1296824,164,0,0,0,0,0.0,0.0,0.00,0.00,0,0
2433,16,1296988,164,0,0,0,0,0.0,0.0,0.00,0.00,0,0
2434,0,1297152,164,0,0,0,0,0.0,0.0,0.00,0.00,0,0
2435,1,1297316,164,2,2,2,0,3571.2,12279.9,11.74,31.95,2,0
2436,2,1297480,164,3,3,2,1,1867.8,12280.3,-21.30,31.13,2,1
2437,3,1297644,164,2,2,1,1,1869.8,2490.3,-21.84,2.46,1,1
2438,4,1297808,164,16,16,14,2,1291.4,11439.1,-60.89,32.49,6,10
2439,5,1297972,164,2,2,2,0,3304.7,3305.0,-7.65,-7.65,2,0
2440,6,1298136,164,3,3,3,0,3282.7,11490.8,-7.65,-1.91,2,1
2441,7,1298300,164,14,14,7,7,1000.4,11490.2,-56.79,3.55,2,12
2442,8,1298464,164,14,14,6,8,619.9,10815.0,-28.12,49.69,4,10
2443,9,1298628,164,1,1,0,1,1123.6,1123.6,5.73,5.73,0,1
2444,10,1298792,164,0,0,0,0,0.0,0.0,0.00,0.00,0,0
2445,11,1298956,164,3,3,2,1,501.2,4841.3,-34.40,3.28,2,1
2446,12,1299120,164,1,1,1,0,3163.4,3163.4,6.01,6.01,1,0
2447,13,1299284,164,0,0,0,0,0.0,0.0,0.00,0.00,0,0
2448,14,1299448,164,1,1,1,0,4887.1,4887.1,-6.83,-6.83,1,0
2449,15,1299612,164,2,2,1,1,571.0,9548.6,-61.71,1.37,0,2
2450,16,1299776,164,2,2,0,2,2016.4,2032.3,-2.46,-1.37,0,2
2451,0,1299940,164,1,1,0,1,356.9,356.9,-44.78,-44.78,0,1
2452,1,1300104,164,2,2,2,0,12206.1,12207.2,19.39,19.66,2,0
2453,2,1300268,164,2,2,2,0,3545.1,12205.3,12.01,18.84,2,0
2454,3,1300432,164,0,0,0,0,0.0,0.0,0.00,0.00,0,0
2455,4,1300596,164,14,14,11,3,547.1,11439.2,-58.43,5.73,6,8
2456,5,1300760,164,1,1,1,0,3328.7,3328.7,-8.19,-8.19,1,0
2457,6,1300924,164,2,2,2,0,3328.4,11491.5,-8.19,-2.18,1,1
2458,7,1301088,164,14,14,8,6,1417.4,11492.8,-69.35,48.05,3,11
2459,8,1301252,164,15,15,7,8,330.4,10821.9,-37.41,53.79,3,12
2460,9,1301416,164,2,2,1,1,1098.4,2922.7,-1.09,8.19,0,2
2461,10,1301580,164,1,1,0,1,1529.2,1529.2,0.82,0.82,0,1
2462,11,1301744,164,2,2,1,1,1769.3,5325.5,-5.46,-4.64,2,0
2463,12,1301908,164,1,1,0,1,1168.9,1168.9,3.28,3.28,1,0
2464,13,1302072,164,0,0,0,0,0.0,0.0,0.00,0.00,0,0
2465,14,1302236,164,1,1,1,0,5606.4,5606.4,28.94,28.94,1,0
2466,15,1302400,164,0,0,0,0,0.0,0.0,0.00,0.00,0,0
2467,16,1302564,164,0,0,0,0,0.0,0.0,0.00,0.00,0,0
2468,0,1302728,164,1,1,1,0,5631.7,5631.7,-22.12,-22.12,1,0
2469,1,1302892,164,1,1,1,0,12162.7,12162.7,9.28,9.28,1,0
2470,2,1303056,164,3,3,3,0,3499.3,12179.8,8.46,12.01,3,0
2471,3,1303220,164,0,0,0,0,0.0,0.0,0.00,0.00,0,0
2472,4,1303384,164,15,15,10,5,444.5,11439.5,-47.78,39.32,4,11
2473,5,1303548,164,0,0,0,0,0.0,0.0,0.00,0.00,0,0
2474,6,1303712,164,4,4,2,2,883.5,3352.5,-7.10,0.82,4,0
2475,7,1303876,164,11,11,7,4,642.4,10719.0,-1.09,20.20,2,9
2476,8,1304040,164,10,10,4,6,600.9,5227.8,-3.28,22.39,2,8
2477,9,1304204,164,0,0,0,0,0.0,0.0,0.00,0.00,0,0
2478,10,1304368,164,2,2,1,1,1531.4,3184.5,-6.28,0.82,0,2
2479,11,1304532,164,4,4,1,3,357.3,5347.5,-65.53,1.37,1,3
2480,12,1304696,164,2,2,2,0,3595.6,4818.9,-5.46,4.91,2,0
2481,13,1304860,164,3,3,2,1,1513.9,3905.8,1.09,1.64,3,0
2482,14,1305024,164,0,0,0,0,0.0,0.0,0.00,0.00,0,0
2483,15,1305188,164,0,0,0,0,0.0,0.0,0.00,0.00,0,0
2484,16,1305352,164,0,0,0,0,0.0,0.0,0.00,0.00,0,0
2485,0,1305516,164,1,1,0,1,1436.4,1436.4,-0.82,-0.82,0,1
2486,1,1305680,164,1,1,1,0,5490.1,5490.1,11.09,11.09,1,0
2487,2,1305844,164,2,2,2,0,3473.5,12158.4,-0.55,12.01,2,0
2488,3,1306008,164,0,0,0,0,0.0,0.0,0.00,0.00,0,0
2489,4,1306172,164,16,16,13,3,454.3,11439.3,-25.39,49.42,5,11
2490,5,1306336,164,0,0,0,0,0.0,0.0,0.00,0.00,0,0
2491,6,1306500,164,3,3,3,0,3354.6,11490.8,-7.65,-3.28,2,1
2492,7,1306664,164,10,10,6,4,454.5,10719.1,-63.89,54.61,2,8
2493,8,1306828,164,14,14,4,10,616.5,10822.4,-3.00,48.60,4,10
2494,9,1306992,164,2,2,1,1,1080.2,4768.5,-1.37,3.55,1,1
2495,10,1307156,164,1,1,0,1,1144.1,1144.1,0.82,0.82,0,1
2496,11,1307320,164,3,3,3,0,4867.5,7457.5,-35.49,-1.37,3,0
2497,12,1307484,164,2,2,2,0,3594.0,6900.9,5.73,66.08,2,0
2498,13,1307648,164,3,3,3,0,4386.3,7601.1,-0.82,66.08,3,0
2499,14,1307812,164,2,2,0,2,548.3,2209.2,-131.21,-1.64,1,1
2500,15,1307976,164,0,0,0,0,0.0,0.0,0.00,0.00,0,0
2501,16,1308140,164,0,0,0,0,0.0,0.0,0.00,0.00,0,0
2502,0,1308304,164,1,1,0,1,381.4,381.4,-22.39,-22.39,0,1
2503,1,1308468,164,1,1,1,0,12179.7,12179.7,-8.46,-8.46,1,0
2504,2,1308632,164,2,2,2,0,3448.6,12163.7,-9.01,12.01,2,0
2505,3,1308796,164,0,0,0,0,0.0,0.0,0.00,0.00,0,0
2506,4,1308960,164,18,18,14,4,452.4,11439.3,-55.43,41.23,7,11
2507,5,1309124,164,0,0,0,0,0.0,0.0,0.00,0.00,0,0
2508,6,1309288,164,2,2,2,0,3378.1,3378.9,-9.56,-9.56,2,0
2509,7,1309452,164,20,20,14,6,1004.6,10718.9,-42.05,66.62,5,15
2510,8,1309616,164,17,17,9,8,601.9,10817.4,-58.70,54.06,7,10
2511,9,1309780,164,2,2,1,1,2200.7,2682.3,-3.00,3.55,1,1
2512,10,1309944,164,1,1,1,0,2873.9,2873.9,3.82,3.82,1,0
2513,11,1310108,164,0,0,0,0,0.0,0.0,0.00,0.00,0,0
2514,12,1310272,164,0,0,0,0,0.0,0.0,0.00,0.00,0,0
2515,13,1310436,164,3,3,3,0,4385.9,8254.8,-1.09,66.08,3,0
2516,14,1310600,164,2,2,2,0,5061.5,5131.8,-5.73,7.10,2,0
2517,15,1310764,164,0,0,0,0,0.0,0.0,0.00,0.00,0,0
2518,16,1310928,164,0,0,0,0,0.0,0.0,0.00,0.00,0,0
2519,0,1311092,164,0,0,0,0,0.0,0.0,0.00,0.00,0,0
2520,1,1311256,164,2,2,1,1,505.9,12190.5,-16.11,10.10,2,0
2521,2,1311420,164,3,3,2,1,1893.0,12191.2,-16.38,21.84,2,1
2522,3,1311584,164,0,0,0,0,0.0,0.0,0.00,0.00,0,0
2523,4,1311748,164,18,18,16,2,1335.3,11439.4,-67.17,31.67,6,12
2524,5,1311912,164,2,2,1,1,2251.4,5442.7,0.82,0.82,0,2
2525,6,1312076,164,1,1,0,1,864.9,864.9,7.65,7.65,1,0
2526,7,1312240,164,15,15,11,4,1506.6,11563.3,-54.06,45.32,2,13
2527,8,1312404,164,19,19,10,9,495.4,10770.9,-69.08,33.86,5,14
2528,9,1312568,164,1,1,0,1,2183.3,2183.3,-1.09,-1.09,1,0
2529,10,1312732,164,1,1,1,0,3208.9,3208.9,-0.82,-0.82,0,1
2530,11,1312896,164,2,2,0,2,380.3,447.4,-0.82,7.92,0,2
2531,12,1313060,164,2,2,2,0,3232.6,3569.8,-4.37,6.55,1,1
2532,13,1313224,164,1,1,1,0,8133.6,8133.6,66.08,66.08,1,0
2533,14,1313388,164,2,2,1,1,428.3,7436.2,-36.04,21.57,1,1
2534,15,1313552,164,0,0,0,0,0.0,0.0,0.00,0.00,0,0
2535,16,1313716,164,0,0,0,0,0.0,0.0,0.00,0.00,0,0
2536,0,1313880,164,2,2,0,2,1413.8,1436.1,-0.82,0.82,0,2
2537,1,1314044,164,3,3,3,0,2083.0,12254.2,-60.61,4.10,3,0
2538,2,1314208,164,3,3,2,1,1058.5,12257.1,-23.21,12.01,3,0
2539,3,1314372,164,0,0,0,0,0.0,0.0,0.00,0.00,0,0
2540,4,1314536,164,10,10,9,1,1443.9,11439.6,-3.82,6.55,5,5
2541,5,1314700,164,0,0,0,0,0.0,0.0,0.00,0.00,0,0
2542,6,1314864,164,1,1,1,0,3448.6,3448.6,-5.46,-5.46,1,0
2543,7,1315028,164,22,22,14,8,1028.2,10791.2,-4.91,62.53,6,16
2544,8,1315192,164,14,14,6,8,599.9,10864.6,-63.62,29.49,3,11
2545,9,1315356,164,1,1,1,0,1649.6,1649.6,-3.55,-3.55,0,1
2546,10,1315520,164,1,1,0,1,1559.6,1559.6,-0.82,-0.82,0,1
2547,11,1315684,164,6,6,2,4,355.1,5369.9,-4.37,42.59,2,4
2548,12,1315848,164,1,1,0,1,1179.0,1179.0,-2.46,-2.46,0,1
2549,13,1316012,164,5,5,4,1,1126.4,8749.9,-12.56,66.08,4,1
2550,14,1316176,164,1,1,1,0,2778.9,2778.9,0.82,0.82,0,1
2551,15,1316340,164,1,1,1,0,1985.6,1985.6,-4.64,-4.64,1,0
2552,16,1316504,164,0,0,0,0,0.0,0.0,0.00,0.00,0,0
2553,0,1316668,164,0,0,0,0,0.0,0.0,0.00,0.00,0,0
2554,1,1316832,164,0,0,0,0,0.0,0.0,0.00,0.00,0,0
2555,2,1316996,164,3,3,3,0,2465.1,12330.6,-29.76,12.01,3,0
2556,3,1317160,164,0,0,0,0,0.0,0.0,0.00,0.00,0,0
2557,4,1317324,164,20,20,18,2,1337.8,11439.5,-48.60,66.62,6,14
2558,5,1317488,164,0,0,0,0,0.0,0.0,0.00,0.00,0,0
2559,6,1317652,164,2,2,2,0,3450.0,5730.0,-52.97,-4.10,1,1
2560,7,1317816,164,15,15,11,4,1509.2,10718.4,-44.51,66.08,3,12
2561,8,1317980,164,17,17,11,6,616.8,10813.6,-51.60,12.56,7,10
2562,9,1318144,164,1,1,1,0,3449.5,3449.5,4.10,4.10,1,0
2563,10,1318308,164,1,1,0,1,1003.8,1003.8,3.82,3.82,1,0
2564,11,1318472,164,3,3,3,0,4793.2,4939.4,-3.28,3.28,3,0
2565,12,1318636,164,0,0,0,0,0.0,0.0,0.00,0.00,0,0
2566,13,1318800,164,6,6,5,1,1178.6,10265.2,-15.84,66.08,5,1
2567,14,1318964,164,3,3,2,1,1990.2,3305.0,-2.46,1.64,0,3
2568,15,1319128,164,1,1,1,0,2850.7,2850.7,1.37,1.37,0,1
2569,16,1319292,164,0,0,0,0,0.0,0.0,0.00,0.00,0,0
2570,0,1319456,164,0,0,0,0,0.0,0.0,0.00,0.00,0,0
2571,1,1319620,164,0,0,0,0,0.0,0.0,0.00,0.00,0,0
2572,2,1319784,164,1,1,1,0,3305.7,3305.7,12.01,12.01,1,0
2573,3,1319948,164,1,1,0,1,884.0,884.0,0.82,0.82,0,1
2574,4,1320112,164,15,15,13,2,1317.1,11439.5,-55.43,41.50,7,8
2575,5,1320276,164,0,0,0,0,0.0,0.0,0.00,0.00,0,0
2576,6,1320440,164,0,0,0,0,0.0,0.0,0.00,0.00,0,0
2577,7,1320604,164,14,14,9,5,865.4,10718.6,-6.55,54.06,5,9
2578,8,1320768,164,17,17,9,8,503.3,10768.7,-60.07,46.69,9,8
2579,9,1320932,164,2,2,1,1,903.3,3451.2,-37.68,2.73,2,0
2580,10,1321096,164,3,3,1,2,998.0,2826.8,-4.64,4.64,2,1
2581,11,1321260,164,2,2,0,2,377.7,1918.7,1.37,4.10,0,2
2582,12,1321424,164,1,1,1,0,3496.5,3496.5,-3.28,-3.28,1,0
2583,13,1321588,164,1,1,1,0,9954.7,9954.7,66.08,66.08,1,0
2584,14,1321752,164,2,2,2,0,4984.2,5029.6,5.73,7.10,2,0
2585,15,1321916,164,0,0,0,0,0.0,0.0,0.00,0.00,0,0
2586,16,1322080,164,0,0,0,0,0.0,0.0,0.00,0.00,0,0
2587,0,1322244,164,0,0,0,0,0.0,0.0,0.00,0.00,0,0
2588,1,1322408,164,1,1,0,1,641.3,641.3,0.82,0.82,0,1
2589,2,1322572,164,3,3,2,1,667.1,12524.2,-39.86,12.01,2,1
2590,3,1322736,164,0,0,0,0,0.0,0.0,0.00,0.00,0,0
2591,4,1322900,164,15,15,13,2,1314.0,11439.4,-21.84,60.34,5,10
2592,5,1323064,164,0,0,0,0,0.0,0.0,0.00,0.00,0,0
2593,6,1323228,164,3,3,1,2,760.3,11472.2,-6.55,3.28,3,0
2594,7,1323392,164,16,16,11,5,1507.6,11465.1,-64.16,49.42,3,13
2595,8,1323556,164,17,17,8,9,533.7,10824.4,-46.14,64.98,1,16
2596,9,1323720,164,1,1,1,0,3426.0,3426.0,3.82,3.82,1,0
2597,10,1323884,164,1,1,1,0,3210.4,3210.4,-5.73,-5.73,1,0
2598,11,1324048,164,4,4,1,3,380.3,5396.1,-6.01,7.92,1,3
2599,12,1324212,164,3,3,3,0,3257.2,3474.4,-1.64,69.08,3,0
2600,13,1324376,164,3,3,3,0,2491.0,10550.9,1.09,66.08,2,1
2601,14,1324540,164,1,1,1,0,4963.2,4963.2,6.83,6.83,1,0
2602,15,1324704,164,1,1,0,1,1725.7,1725.7,-5.73,-5.73,1,0
2603,16,1324868,164,0,0,0,0,0.0,0.0,0.00,0.00,0,0
2604,0,1325032,164,0,0,0,0,0.0,0.0,0.00,0.00,0,0
2605,1,1325196,164,0,0,0,0,0.0,0.0,0.00,0.00,0,0
2606,2,1325360,164,3,3,2,1,643.0,12641.6,-43.96,12.01,2,1
2607,3,1325524,164,1,1,0,1,889.3,889.3,0.82,0.82,0,1
2608,4,1325688,164,12,12,12,0,1457.8,11439.5,-0.82,69.35,5,7
2609,5,1325852,164,0,0,0,0,0.0,0.0,0.00,0.00,0,0
2610,6,1326016,164,0,0,0,0,0.0,0.0,0.00,0.00,0,0
2611,7,1326180,164,11,11,7,4,1505.7,10718.8,-66.89,65.53,1,10
2612,8,1326344,164,15,15,6,9,599.5,9327.8,-69.08,69.90,7,8
2613,9,1326508,164,1,1,0,1,501.2,501.2,2.18,2.18,1,0
2614,10,1326672,164,1,1,1,0,4145.6,4145.6,1.37,1.37,1,0
2615,11,1326836,164,2,2,1,1,382.4,4913.0,-6.55,8.19,1,1
2616,12,1327000,164,3,3,3,0,3450.1,4864.6,-3.00,68.81,3,0
2617,13,1327164,164,1,1,1,0,12260.0,12260.0,42.32,42.32,1,0
2618,14,1327328,164,3,3,2,1,1149.5,6833.9,-9.83,1.64,2,1
2619,15,1327492,164,1,1,0,1,2208.0,2208.0,1.09,1.09,0,1
2620,16,1327656,164,0,0,0,0,0.0,0.0,0.00,0.00,0,0
2621,0,1327820,164,0,0,0,0,0.0,0.0,0.00,0.00,0,0
2622,1,1327984,164,2,2,1,1,671.8,9669.5,0.82,4.91,1,1
2623,2,1328148,164,2,2,1,1,623.2,3209.6,0.82,12.01,1,1
2624,3,1328312,164,1,1,0,1,885.1,885.1,0.82,0.82,0,1
2625,4,1328476,164,15,15,11,4,453.0,11439.5,-46.14,48.05,3,12
2626,5,1328640,164,0,0,0,0,0.0,0.0,0.00,0.00,0,0
2627,6,1328804,164,0,0,0,0,0.0,0.0,0.00,0.00,0,0
2628,7,1328968,164,13,13,10,3,1056.5,10718.7,-54.61,1.91,4,9
2629,8,1329132,164,12,12,5,7,603.3,10811.7,-40.41,69.08,4,8
2630,9,1329296,164,2,2,2,0,3738.1,7917.5,-4.91,-3.82,2,0
2631,10,1329460,164,7,7,4,3,697.8,5418.8,-99.77,9.28,4,3
2632,11,1329624,164,3,3,0,3,379.1,1727.5,-54.06,-1.91,2,1
2633,12,1329788,164,1,1,1,0,4458.7,4458.7,68.81,68.81,1,0
2634,13,1329952,164,1,1,1,0,4504.8,4504.8,68.81,68.81,1,0
2635,14,1330116,164,4,4,2,2,1220.2,5107.0,-7.92,1.09,3,1
2636,15,1330280,164,2,2,0,2,1390.5,1506.7,-69.62,-1.09,0,2
2637,16,1330444,164,0,0,0,0,0.0,0.0,0.00,0.00,0,0
2638,0,1330608,164,2,2,1,1,2307.2,3091.1,5.73,66.08,2,0
2639,1,1330772,164,1,1,1,0,3163.5,3163.5,11.74,11.74,1,0
2640,2,1330936,164,2,2,1,1,649.5,3163.4,0.82,12.01,1,1
2641,3,1331100,164,0,0,0,0,0.0,0.0,0.00,0.00,0,0
2642,4,1331264,164,16,16,15,1,1315.1,11439.4,-30.85,48.87,4,12
2643,5,1331428,164,0,0,0,0,0.0,0.0,0.00,0.00,0,0
2644,6,1331592,164,1,1,0,1,1005.8,1005.8,1.09,1.09,0,1
2645,7,1331756,164,18,18,9,9,982.0,10718.8,-38.50,55.97,5,13
2646,8,1331920,164,19,19,10,9,599.0,10866.5,-18.02,69.90,5,14
2647,9,1332084,164,2,2,1,1,1054.9,7935.7,-1.37,-0.82,0,2
2648,10,1332248,164,1,1,1,0,5388.4,5388.4,14.47,14.47,1,0
2649,11,1332412,164,5,5,2,3,1671.8,9929.5,-7.92,20.75,3,2
2650,12,1332576,164,2,2,2,0,3761.1,5057.3,1.09,69.08,2,0
2651,13,1332740,164,4,4,3,1,474.0,12358.4,-0.82,69.08,3,1
2652,14,1332904,164,4,4,1,3,1130.0,2225.8,-1.64,1.91,1,3
2653,15,1333068,164,1,1,0,1,2234.5,2234.5,-1.09,-1.09,0,1
2654,16,1333232,164,0,0,0,0,0.0,0.0,0.00,0.00,0,0
2655,0,1333396,164,0,0,0,0,0.0,0.0,0.00,0.00,0,0
2656,1,1333560,164,0,0,0,0,0.0,0.0,0.00,0.00,0,0
2657,2,1333724,164,2,2,1,1,647.1,3137.4,1.37,12.01,1,1
2658,3,1333888,164,0,0,0,0,0.0,0.0,0.00,0.00,0,0
2659,4,1334052,164,12,12,9,3,501.7,11439.7,-22.66,30.03,5,7
2660,5,1334216,164,0,0,0,0,0.0,0.0,0.00,0.00,0,0
2661,6,1334380,164,1,1,1,0,4770.1,4770.1,-58.70,-58.70,0,1
2662,7,1334544,164,19,19,12,7,986.2,10718.8,-69.35,51.33,4,15
2663,8,1334708,164,17,17,11,6,603.2,10885.8,-63.89,44.51,6,11
2664,9,1334872,164,1,1,1,0,3401.2,3401.2,2.73,2.73,1,0
2665,10,1335036,164,3,3,2,1,1577.1,5342.4,-0.82,12.83,1,2
2666,11,1335200,164,0,0,0,0,0.0,0.0,0.00,0.00,0,0
2667,12,1335364,164,1,1,1,0,5655.8,5655.8,69.08,69.08,1,0
2668,13,1335528,164,2,2,2,0,4550.7,5683.6,1.09,69.08,2,0
2669,14,1335692,164,3,3,1,2,1127.8,2087.5,-4.10,-1.09,1,2
2670,15,1335856,164,1,1,0,1,1745.8,1745.8,-3.55,-3.55,1,0
2671,16,1336020,164,3,3,1,2,1244.6,4700.1,-8.74,-1.37,2,1
2672,0,1336184,164,0,0,0,0,0.0,0.0,0.00,0.00,0,0
2673,1,1336348,164,1,1,0,1,646.2,646.2,-0.82,-0.82,0,1
2674,2,1336512,164,2,2,1,1,604.5,3112.9,0.82,12.01,1,1
2675,3,1336676,164,0,0,0,0,0.0,0.0,0.00,0.00,0,0
2676,4,1336840,164,13,13,10,3,450.1,11439.9,-48.33,69.08,3,10
2677,5,1337004,164,1,1,0,1,1000.5,1000.5,0.82,0.82,0,1
2678,6,1337168,164,2,2,2,0,7004.2,11490.2,-4.64,9.28,2,0
2679,7,1337332,164,15,15,9,6,840.8,10718.6,-48.05,68.26,5,10
2680,8,1337496,164,16,16,7,9,308.7,10769.2,-48.87,3.82,3,13
2681,9,1337660,164,1,1,1,0,7933.5,7933.5,-2.46,-2.46,1,0
2682,10,1337824,164,2,2,0,2,1314.3,1578.4,0.82,1.09,0,2
2683,11,1337988,164,0,0,0,0,0.0,0.0,0.00,0.00,0,0
2684,12,1338152,164,4,4,3,1,2016.1,6258.4,-1.09,69.08,3,1
2685,13,1338316,164,0,0,0,0,0.0,0.0,0.00,0.00,0,0
2686,14,1338480,164,5,5,2,3,1601.5,4891.6,-19.39,1.64,1,4
2687,15,1338644,164,1,1,1,0,2225.4,2225.4,1.09,1.09,0,1
2688,16,1338808,164,1,1,0,1,1121.5,1121.5,1.09,1.09,0,1
2689,0,1338972,164,1,1,0,1,1052.1,1052.1,5.19,5.19,1,0
2690,1,1339136,164,0,0,0,0,0.0,0.0,0.00,0.00,0,0
2691,2,1339300,164,3,3,2,1,603.4,3067.0,-0.82,11.74,2,1
2692,3,1339464,164,0,0,0,0,0.0,0.0,0.00,0.00,0,0
2693,4,1339628,164,17,17,16,1,1340.8,11440.0,-60.34,69.35,6,11
2694,5,1339792,164,0,0,0,0,0.0,0.0,0.00,0.00,0,0
2695,6,1339956,164,0,0,0,0,0.0,0.0,0.00,0.00,0,0
2696,7,1340120,164,16,16,11,5,985.1,11461.2,-68.26,43.96,5,11
2697,8,1340284,164,13,13,6,7,600.5,10771.9,-10.10,22.39,5,8
2698,9,1340448,164,0,0,0,0,0.0,0.0,0.00,0.00,0,0
2699,10,1340612,164,3,3,1,2,1530.7,3305.3,-4.64,2.18,0,3
2700,11,1340776,164,1,1,0,1,1558.1,1558.1,-0.82,-0.82,0,1
2701,12,1340940,164,2,2,2,0,4984.8,11822.5,-4.37,40.41,2,0
2702,13,1341104,164,4,4,4,0,3234.4,6380.3,-3.82,53.79,4,0
2703,14,1341268,164,2,2,1,1,1632.6,4938.1,-4.64,1.09,1,1
2704,15,1341432,164,1,1,0,1,1170.6,1170.6,1.37,1.37,1,0
2705,16,1341596,164,1,1,1,0,2753.7,2753.7,0.82,0.82,0,1
2706,0,1341760,164,0,0,0,0,0.0,0.0,0.00,0.00,0,0
2707,1,1341924,164,0,0,0,0,0.0,0.0,0.00,0.00,0,0
2708,2,1342088,164,2,2,2,0,1913.4,3041.0,1.09,12.01,2,0
2709,3,1342252,164,0,0,0,0,0.0,0.0,0.00,0.00,0,0
2710,4,1342416,164,16,16,14,2,1443.1,11439.6,-69.62,46.14,7,9
2711,5,1342580,164,0,0,0,0,0.0,0.0,0.00,0.00,0,0
2712,6,1342744,164,0,0,0,0,0.0,0.0,0.00,0.00,0,0
2713,7,1342908,164,8,8,5,3,1003.7,10718.8,-22.39,22.39,3,5
2714,8,1343072,164,19,19,8,11,549.9,10772.7,-10.92,63.62,6,13
2715,9,1343236,164,2,2,2,0,3376.9,7964.2,-7.65,2.73,2,0
2716,10,1343400,164,4,4,2,2,1553.6,3330.0,-5.46,1.37,0,4
2717,11,1343564,164,2,2,0,2,450.7,716.7,0.82,8.19,0,2
2718,12,1343728,164,5,5,4,1,766.0,7433.6,-11.19,69.62,5,0
2719,13,1343892,164,5,5,5,0,3690.5,11275.8,1.09,69.62,5,0
2720,14,1344056,164,2,2,1,1,1989.0,4793.1,-41.50,-5.73,1,1
2721,15,1344220,164,1,1,1,0,2225.5,2225.5,-1.09,-1.09,0,1
2722,16,1344384,164,0,0,0,0,0.0,0.0,0.00,0.00,0,0
2723,0,1344548,164,1,1,1,0,12568.4,12568.4,32.49,32.49,0,1
2724,1,1344712,164,1,1,1,0,2994.9,2994.9,12.01,12.01,1,0
2725,2,1344876,164,3,3,2,1,650.1,2995.3,0.82,12.01,2,1
2726,3,1345040,164,1,1,0,1,887.5,887.5,-0.82,-0.82,0,1
2727,4,1345204,164,12,12,10,2,1290.6,11439.8,-14.47,11.47,4,8
2728,5,1345368,164,0,0,0,0,0.0,0.0,0.00,0.00,0,0
2729,6,1345532,164,2,2,1,1,639.3,11493.4,-4.64,1.37,0,2
2730,7,1345696,164,17,17,9,8,1051.2,10718.9,-63.07,57.61,3,14
2731,8,1345860,164,12,12,4,8,502.7,10772.6,-62.53,22.12,4,8
2732,9,1346024,164,3,3,2,1,856.4,7984.4,-6.55,4.37,2,1
2733,10,1346188,164,3,3,1,2,858.6,5275.3,0.82,8.19,2,1
2734,11,1346352,164,0,0,0,0,0.0,0.0,0.00,0.00,0,0
2735,12,1346516,164,3,3,3,0,4434.6,10795.4,-1.37,69.90,3,0
2736,13,1346680,164,1,1,1,0,8059.7,8059.7,69.90,69.90,1,0
2737,14,1346844,164,0,0,0,0,0.0,0.0,0.00,0.00,0,0
2738,15,1347008,164,0,0,0,0,0.0,0.0,0.00,0.00,0,0
2739,16,1347172,164,0,0,0,0,0.0,0.0,0.00,0.00,0,0
2740,0,1347336,164,1,1,0,1,1413.5,1413.5,0.82,0.82,0,1
2741,1,1347500,164,0,0,0,0,0.0,0.0,0.00,0.00,0,0
2742,2,1347664,164,1,1,1,0,2970.8,2970.8,12.01,12.01,1,0
2743,3,1347828,164,1,1,1,0,2467.0,2467.0,5.73,5.73,1,0
2744,4,1347992,164,18,18,16,2,1225.3,11439.8,-60.34,60.61,7,11
2745,5,1348156,164,0,0,0,0,0.0,0.0,0.00,0.00,0,0
2746,6,1348320,164,2,2,1,1,639.8,3114.1,1.09,2.73,1,1
2747,7,1348484,164,11,11,8,3,1032.0,10718.7,-0.82,22.12,2,9
2748,8,1348648,164,14,14,7,7,615.3,10819.2,-64.98,4.10,7,7
2749,9,1348812,164,3,3,2,1,1035.1,10699.8,-6.83,46.69,2,1
2750,10,1348976,164,3,3,1,2,1318.5,8899.2,-50.24,1.09,1,2
2751,11,1349140,164,2,2,0,2,1748.8,1965.4,-3.55,1.91,2,0
2752,12,1349304,164,2,2,2,0,4459.6,8612.7,-69.35,-1.37,2,0
2753,13,1349468,164,2,2,2,0,8653.4,10263.4,-69.35,40.41,2,0
2754,14,1349632,164,3,3,3,0,3258.4,4982.1,-5.46,1.37,2,1
2755,15,1349796,164,0,0,0,0,0.0,0.0,0.00,0.00,0,0
2756,16,1349960,164,1,1,0,1,2153.5,2153.5,-1.37,-1.37,0,1
2757,0,1350124,164,0,0,0,0,0.0,0.0,0.00,0.00,0,0
2758,1,1350288,164,0,0,0,0,0.0,0.0,0.00,0.00,0,0
2759,2,1350452,164,0,0,0,0,0.0,0.0,0.00,0.00,0,0
2760,3,1350616,164,0,0,0,0,0.0,0.0,0.00,0.00,0,0
2761,4,1350780,164,15,15,13,2,1343.3,11439.4,-49.69,5.73,8,7
2762,5,1350944,164,0,0,0,0,0.0,0.0,0.00,0.00,0,0
2763,6,1351108,164,0,0,0,0,0.0,0.0,0.00,0.00,0,0
2764,7,1351272,164,13,13,8,5,788.2,10718.7,-66.35,54.06,4,9
2765,8,1351436,164,16,16,7,9,503.9,10818.5,-17.20,63.07,7,9
2766,9,1351600,164,3,3,1,2,478.5,8011.7,-3.55,0.82,0,3
2767,10,1351764,164,2,2,1,1,2296.7,5271.5,-6.01,-2.46,1,1
2768,11,1351928,164,2,2,1,1,811.7,4981.7,-4.64,1.09,1,1
2769,12,1352092,164,2,2,2,0,9211.5,9783.1,-69.08,40.14,2,0
2770,13,1352256,164,4,4,4,0,4480.5,9740.7,-69.08,40.14,4,0
2771,14,1352420,164,1,1,1,0,4989.6,4989.6,-7.92,-7.92,1,0
2772,15,1352584,164,2,2,2,0,3234.1,3521.8,-7.10,1.37,1,1
2773,16,1352748,164,2,2,1,1,1512.7,4604.1,-4.37,-3.55,2,0
2774,0,1352912,164,0,0,0,0,0.0,0.0,0.00,0.00,0,0
2775,1,1353076,164,0,0,0,0,0.0,0.0,0.00,0.00,0,0
2776,2,1353240,164,0,0,0,0,0.0,0.0,0.00,0.00,0,0
2777,3,1353404,164,0,0,0,0,0.0,0.0,0.00,0.00,0,0
2778,4,1353568,164,14,14,12,2,1317.0,11439.6,-67.71,43.14,6,8
2779,5,1353732,164,0,0,0,0,0.0,0.0,0.00,0.00,0,0
2780,6,1353896,164,1,1,1,0,4336.7,4336.7,0.82,0.82,0,1
2781,7,1354060,164,16,16,8,8,1028.0,10718.8,-69.35,52.97,3,13
2782,8,1354224,164,16,16,7,9,601.4,10815.2,-18.57,39.59,6,10
2783,9,1354388,164,4,4,1,3,835.7,3763.5,-12.83,1.09,2,2
2784,10,1354552,164,2,2,1,1,1031.3,5295.6,-5.73,-1.09,1,1
2785,11,1354716,164,2,2,0,2,376.4,422.6,4.10,23.21,0,2
2786,12,1354880,164,3,3,3,0,4892.2,9789.8,-68.81,40.14,3,0
2787,13,1355044,164,1,1,1,0,9832.2,9832.2,-68.53,-68.53,1,0
2788,14,1355208,164,1,1,0,1,1962.1,1962.1,-1.09,-1.09,0,1
2789,15,1355372,164,1,1,1,0,7121.6,7121.6,-7.37,-7.37,1,0
2790,16,1355536,164,2,2,2,0,2801.5,3329.2,-1.64,1.09,0,2
2791,0,1355700,164,3,3,1,2,187.2,4408.8,-0.82,5.73,2,1
2792,1,1355864,164,1,1,0,1,840.4,840.4,-0.82,-0.82,0,1
2793,2,1356028,164,0,0,0,0,0.0,0.0,0.00,0.00,0,0
2794,3,1356192,164,0,0,0,0,0.0,0.0,0.00,0.00,0,0
2795,4,1356356,164,13,13,13,0,1457.8,11439.6,-55.97,5.19,8,5
2796,5,1356520,164,0,0,0,0,0.0,0.0,0.00,0.00,0,0
2797,6,1356684,164,1,1,1,0,11490.6,11490.6,-4.10,-4.10,0,1
2798,7,1356848,164,15,15,8,7,1025.5,10718.1,-45.87,42.05,3,12
2799,8,1357012,164,15,15,6,9,547.6,10813.5,-31.40,69.35,6,9
2800,9,1357176,164,1,1,1,0,3809.8,3809.8,-11.74,-11.74,1,0
2801,10,1357340,164,4,4,3,1,1318.2,5318.4,-7.10,1.09,1,3
2802,11,1357504,164,0,0,0,0,0.0,0.0,0.00,0.00,0,0
2803,12,1357668,164,2,2,2,0,10393.8,11729.6,-68.26,-59.80,2,0
2804,13,1357832,164,2,2,2,0,4912.2,10430.0,-68.26,-1.91,2,0
2805,14,1357996,164,1,1,1,0,3306.8,3306.8,-1.09,-1.09,1,0
2806,15,1358160,164,0,0,0,0,0.0,0.0,0.00,0.00,0,0
2807,16,1358324,164,1,1,1,0,2489.9,2489.9,-1.64,-1.64,0,1
2808,0,1358488,164,0,0,0,0,0.0,0.0,0.00,0.00,0,0
2809,1,1358652,164,0,0,0,0,0.0,0.0,0.00,0.00,0,0
2810,2,1358816,164,0,0,0,0,0.0,0.0,0.00,0.00,0,0
2811,3,1358980,164,0,0,0,0,0.0,0.0,0.00,0.00,0,0
2812,4,1359144,164,18,18,17,1,1317.6,11439.7,-65.26,54.88,6,12
2813,5,1359308,164,2,2,1,1,1340.2,4314.6,-0.82,27.03,0,2
2814,6,1359472,164,1,1,0,1,861.4,861.4,4.91,4.91,1,0
2815,7,1359636,164,20,20,10,10,672.5,11468.2,-65.80,60.89,3,17
2816,8,1359800,164,18,18,10,8,600.4,10817.8,-12.56,59.80,4,14
2817,9,1359964,164,3,3,1,2,812.0,3835.0,-12.56,-1.64,2,1
2818,10,1360128,164,3,3,1,2,501.0,4768.6,-0.82,1.09,0,3
2819,11,1360292,164,2,2,1,1,1752.7,5029.5,-9.01,-4.64,1,1
2820,12,1360456,164,3,3,3,0,3523.6,10967.2,-67.99,39.86,2,1
2821,13,1360620,164,3,3,3,0,3306.0,11006.1,-67.99,39.86,3,0
2822,14,1360784,164,1,1,1,0,3328.8,3328.8,1.37,1.37,1,0
2823,15,1360948,164,0,0,0,0,0.0,0.0,0.00,0.00,0,0
2824,16,1361112,164,1,1,1,0,3306.3,3306.3,-1.37,-1.37,0,1
2825,0,1361276,164,0,0,0,0,0.0,0.0,0.00,0.00,0,0
2826,1,1361440,164,0,0,0,0,0.0,0.0,0.00,0.00,0,0
2827,2,1361604,164,1,1,1,0,2800.3,2800.3,12.01,12.01,1,0
2828,3,1361768,164,1,1,1,0,3187.5,3187.5,-17.75,-17.75,1,0
2829,4,1361932,164,18,18,13,5,502.7,11439.8,-67.17,41.77,5,13
2830,5,1362096,164,0,0,0,0,0.0,0.0,0.00,0.00,0,0
2831,6,1362260,164,0,0,0,0,0.0,0.0,0.00,0.00,0,0
2832,7,1362424,164,14,14,7,7,1507.9,10718.1,-49.97,64.16,4,10
2833,8,1362588,164,16,16,5,11,499.6,10607.4,-60.61,59.80,5,11
2834,9,1362752,164,1,1,1,0,3881.8,3881.8,-11.74,-11.74,1,0
2835,10,1362916,164,1,1,1,0,3307.2,3307.2,3.55,3.55,1,0
2836,11,1363080,164,2,2,1,1,502.8,2441.9,-69.08,9.28,2,0
2837,12,1363244,164,2,2,2,0,7746.6,11558.4,-67.44,39.86,2,0
2838,13,1363408,164,1,1,1,0,7720.2,7720.2,39.86,39.86,1,0
2839,14,1363572,164,0,0,0,0,0.0,0.0,0.00,0.00,0,0
2840,15,1363736,164,0,0,0,0,0.0,0.0,0.00,0.00,0,0
2841,16,1363900,164,2,2,2,0,2801.6,4549.8,1.09,1.37,1,1
2842,0,1364064,164,0,0,0,0,0.0,0.0,0.00,0.00,0,0
2843,1,1364228,164,0,0,0,0,0.0,0.0,0.00,0.00,0,0
2844,2,1364392,164,0,0,0,0,0.0,0.0,0.00,0.00,0,0
2845,3,1364556,164,0,0,0,0,0.0,0.0,0.00,0.00,0,0
2846,4,1364720,164,16,16,13,3,1335.1,11439.4,-64.71,22.12,6,10
2847,5,1364884,164,0,0,0,0,0.0,0.0,0.00,0.00,0,0
2848,6,1365048,164,0,0,0,0,0.0,0.0,0.00,0.00,0,0
2849,7,1365212,164,14,14,8,6,1416.8,11592.3,-31.95,63.34,4,10
2850,8,1365376,164,12,12,5,7,836.1,10607.9,-14.20,64.98,5,7
2851,9,1365540,164,3,3,2,1,961.8,8111.9,-10.92,-1.09,2,1
2852,10,1365704,164,1,1,1,0,3258.0,3258.0,3.82,3.82,1,0
2853,11,1365868,164,1,1,1,0,2346.6,2346.6,-1.37,-1.37,1,0
2854,12,1366032,164,1,1,0,1,864.7,864.7,1.09,1.09,1,0
2855,13,1366196,164,0,0,0,0,0.0,0.0,0.00,0.00,0,0
2856,14,1366360,164,0,0,0,0,0.0,0.0,0.00,0.00,0,0
2857,15,1366524,164,0,0,0,0,0.0,0.0,0.00,0.00,0,0
2858,16,1366688,164,0,0,0,0,0.0,0.0,0.00,0.00,0,0
2859,0,1366852,164,0,0,0,0,0.0,0.0,0.00,0.00,0,0
2860,1,1367016,164,1,1,0,1,649.3,649.3,6.28,6.28,1,0
2861,2,1367180,164,0,0,0,0,0.0,0.0,0.00,0.00,0,0
2862,3,1367344,164,0,0,0,0,0.0,0.0,0.00,0.00,0,0
2863,4,1367508,164,20,20,17,3,1316.3,11439.5,-52.97,57.34,9,11
2864,5,1367672,164,0,0,0,0,0.0,0.0,0.00,0.00,0,0
2865,6,1367836,164,2,2,2,0,6547.4,11588.5,0.82,13.38,1,1
2866,7,1368000,164,17,17,12,5,1508.5,11591.4,-43.41,63.62,5,12
2867,8,1368164,164,14,14,6,8,525.4,10607.6,-66.35,68.26,8,6
2868,9,1368328,164,4,4,3,1,974.5,4290.1,-12.01,1.09,3,1
2869,10,1368492,164,2,2,1,1,1216.3,3233.9,-0.82,6.83,1,1
2870,11,1368656,164,1,1,1,0,2707.3,2707.3,-3.00,-3.00,1,0
2871,12,1368820,164,2,2,1,1,1989.2,4844.3,-2.18,1.64,2,0
2872,13,1368984,164,1,1,1,0,3377.8,3377.8,-8.19,-8.19,1,0
2873,14,1369148,164,2,2,2,0,5157.0,5157.7,-11.74,-11.74,2,0
2874,15,1369312,164,1,1,1,0,2562.8,2562.8,-1.09,-1.09,0,1
2875,16,1369476,164,0,0,0,0,0.0,0.0,0.00,0.00,0,0
2876,0,1369640,164,0,0,0,0,0.0,0.0,0.00,0.00,0,0
2877,1,1369804,164,0,0,0,0,0.0,0.0,0.00,0.00,0,0
2878,2,1369968,164,0,0,0,0,0.0,0.0,0.00,0.00,0,0
2879,3,1370132,164,0,0,0,0,0.0,0.0,0.00,0.00,0,0
2880,4,1370296,164,14,14,12,2,1225.8,11439.8,-54.33,56.79,4,10
2881,5,1370460,164,1,1,0,1,1388.8,1388.8,-1.91,-1.91,0,1
2882,6,1370624,164,0,0,0,0,0.0,0.0,0.00,0.00,0,0
2883,7,1370788,164,13,13,6,7,1417.9,10718.2,-44.23,61.71,2,11
2884,8,1370952,164,14,14,5,9,266.6,10769.7,-1.91,39.32,1,13
2885,9,1371116,164,6,6,4,2,454.6,8148.3,-12.83,1.37,2,4
2886,10,1371280,164,2,2,0,2,519.5,1029.0,0.82,0.82,0,2
2887,11,1371444,164,3,3,1,2,477.3,2657.0,-5.73,0.82,0,3
2888,12,1371608,164,4,4,3,1,1995.1,6230.8,-3.82,39.32,4,0
2889,13,1371772,164,2,2,1,1,1126.8,3354.7,-1.09,66.62,1,1
2890,14,1371936,164,2,2,1,1,2057.1,3305.4,-0.82,0.82,0,2
2891,15,1372100,164,1,1,0,1,1608.7,1608.7,1.37,1.37,0,1
2892,16,1372264,164,1,1,1,0,2898.6,2898.6,1.37,1.37,0,1
2893,0,1372428,164,0,0,0,0,0.0,0.0,0.00,0.00,0,0
2894,1,1372592,164,1,1,1,0,2658.0,2658.0,12.01,12.01,1,0
2895,2,1372756,164,1,1,1,0,2659.3,2659.3,12.01,12.01,1,0
2896,3,1372920,164,1,1,0,1,1651.8,1651.8,0.82,0.82,0,1
2897,4,1373084,164,14,14,11,3,1197.5,11439.4,-55.43,7.10,5,9
2898,5,1373248,164,0,0,0,0,0.0,0.0,0.00,0.00,0,0
2899,6,1373412,164,0,0,0,0,0.0,0.0,0.00,0.00,0,0
2900,7,1373576,164,16,16,7,9,1433.5,10718.5,-55.15,48.33,3,13
2901,8,1373740,164,15,15,4,11,432.8,10607.9,-27.30,66.89,4,11
2902,9,1373904,164,3,3,0,3,459.2,912.6,-1.09,1.64,0,3
2903,10,1374068,164,3,3,2,1,1025.9,5326.3,0.82,11.19,1,2
2904,11,1374232,164,2,2,1,1,235.8,2635.3,-42.87,-1.64,0,2
2905,12,1374396,164,5,5,5,0,3535.4,5721.8,-1.09,39.32,5,0
2906,13,1374560,164,1,1,1,0,5682.8,5682.8,39.32,39.32,1,0
2907,14,1374724,164,2,2,2,0,2585.1,3259.4,-1.37,1.37,1,1
2908,15,1374888,164,1,1,1,0,2584.9,2584.9,-1.09,-1.09,0,1
2909,16,1375052,164,2,2,1,1,1459.5,2898.9,-1.37,1.37,0,2
2910,0,1375216,164,0,0,0,0,0.0,0.0,0.00,0.00,0,0
2911,1,1375380,164,1,1,1,0,2633.4,2633.4,11.74,11.74,1,0
2912,2,1375544,164,1,1,1,0,2633.9,2633.9,12.01,12.01,1,0
2913,3,1375708,164,0,0,0,0,0.0,0.0,0.00,0.00,0,0
2914,4,1375872,164,20,20,18,2,1319.5,11439.2,-48.05,60.34,6,14
2915,5,1376036,164,1,1,0,1,811.1,811.1,-0.82,-0.82,0,1
2916,6,1376200,164,3,3,1,2,1605.5,6454.0,-0.82,3.28,3,0
2917,7,1376364,164,14,14,9,5,545.5,10718.3,-19.93,57.34,4,10
2918,8,1376528,164,20,20,9,11,601.4,10816.3,-51.06,37.41,3,17
2919,9,1376692,164,5,5,3,2,905.3,8181.8,-15.56,0.82,1,4
2920,10,1376856,164,2,2,0,2,1056.8,1075.2,-1.09,1.09,0,2
2921,11,1377020,164,4,4,0,4,379.2,1867.6,-6.83,40.68,1,3
2922,12,1377184,164,2,2,2,0,4677.1,5034.0,-1.37,2.18,2,0
2923,13,1377348,164,0,0,0,0,0.0,0.0,0.00,0.00,0,0
2924,14,1377512,164,2,2,2,0,3283.2,8922.4,-21.02,0.82,1,1
2925,15,1377676,164,1,1,1,0,2584.8,2584.8,-1.64,-1.64,0,1
2926,16,1377840,164,0,0,0,0,0.0,0.0,0.00,0.00,0,0
2927,0,1378004,164,0,0,0,0,0.0,0.0,0.00,0.00,0,0
2928,1,1378168,164,1,1,0,1,2062.3,2062.3,5.19,5.19,1,0
2929,2,1378332,164,1,1,1,0,2586.2,2586.2,12.01,12.01,1,0
2930,3,1378496,164,0,0,0,0,0.0,0.0,0.00,0.00,0,0
2931,4,1378660,164,9,9,8,1,1434.8,11439.3,-4.10,5.73,5,4
2932,5,1378824,164,0,0,0,0,0.0,0.0,0.00,0.00,0,0
2933,6,1378988,164,2,2,1,1,576.6,11461.4,1.09,2.18,0,2
2934,7,1379152,164,10,10,7,3,687.5,10717.8,-2.46,11.47,1,9
2935,8,1379316,164,17,17,5,12,404.9,10772.1,-54.88,49.69,3,14
2936,9,1379480,164,6,6,3,3,888.9,5108.7,-14.74,6.83,4,2
2937,10,1379644,164,2,2,2,0,4098.4,4169.5,-14.47,-3.55,1,1
2938,11,1379808,164,5,5,2,3,382.0,7793.6,-9.83,17.20,1,4
2939,12,1379972,164,1,1,1,0,3546.7,3546.7,1.09,1.09,1,0
2940,13,1380136,164,0,0,0,0,0.0,0.0,0.00,0.00,0,0
2941,14,1380300,164,1,1,1,0,3281.6,3281.6,1.37,1.37,0,1
2942,15,1380464,164,2,2,1,1,1319.4,2874.7,-26.21,1.37,1,1
2943,16,1380628,164,0,0,0,0,0.0,0.0,0.00,0.00,0,0
2944,0,1380792,164,0,0,0,0,0.0,0.0,0.00,0.00,0,0
2945,1,1380956,164,1,1,1,0,2563.3,2563.3,12.01,12.01,1,0
2946,2,1381120,164,1,1,1,0,2563.5,2563.5,12.01,12.01,1,0
2947,3,1381284,164,0,0,0,0,0.0,0.0,0.00,0.00,0,0
2948,4,1381448,164,16,16,14,2,1315.0,11439.1,-45.32,49.15,5,11
2949,5,1381612,164,1,1,1,0,2369.6,2369.6,3.55,3.55,1,0
2950,6,1381776,164,1,1,0,1,865.3,865.3,4.10,4.10,1,0
2951,7,1381940,164,16,16,11,5,547.9,10717.9,-67.71,63.07,3,13
2952,8,1382104,164,14,14,4,10,526.0,11230.5,-62.53,33.58,2,12
2953,9,1382268,164,3,3,1,2,836.5,4145.3,-13.65,1.37,1,2
2954,10,1382432,164,2,2,1,1,931.9,5249.1,-0.82,9.28,1,1
2955,11,1382596,164,2,2,1,1,384.6,1914.3,-1.37,3.82,0,2
2956,12,1382760,164,1,1,1,0,4216.7,4216.7,38.77,38.77,1,0
2957,13,1382924,164,0,0,0,0,0.0,0.0,0.00,0.00,0,0
2958,14,1383088,164,0,0,0,0,0.0,0.0,0.00,0.00,0,0
2959,15,1383252,164,0,0,0,0,0.0,0.0,0.00,0.00,0,0
2960,16,1383416,164,2,2,0,2,1271.6,1273.5,-4.75,-4.37,2,0
2961,0,1383580,164,0,0,0,0,0.0,0.0,0.00,0.00,0,0
2962,1,1383744,164,0,0,0,0,0.0,0.0,0.00,0.00,0,0
2963,2,1383908,164,1,1,1,0,2537.9,2537.9,12.01,12.01,1,0
2964,3,1384072,164,0,0,0,0,0.0,0.0,0.00,0.00,0,0
2965,4,1384236,164,18,18,15,3,259.2,11439.1,-25.39,65.53,8,10
2966,5,1384400,164,0,0,0,0,0.0,0.0,0.00,0.00,0,0
2967,6,1384564,164,0,0,0,0,0.0,0.0,0.00,0.00,0,0
2968,7,1384728,164,12,12,9,3,544.1,10718.5,-23.21,3.82,3,9
2969,8,1384892,164,8,8,2,6,602.0,5150.8,-1.37,24.57,1,7
2970,9,1385056,164,3,3,1,2,977.0,2634.3,-0.82,1.09,0,3
2971,10,1385220,164,5,5,3,2,951.8,4193.4,-13.92,2.73,3,2
2972,11,1385384,164,3,3,1,2,376.9,2177.8,-7.37,4.10,1,2
2973,12,1385548,164,1,1,1,0,3713.2,3713.2,38.50,38.50,1,0
2974,13,1385712,164,1,1,0,1,1371.7,1371.7,-3.17,-3.17,1,0
2975,14,1385876,164,3,3,1,2,1102.9,5153.0,-1.09,3.55,1,2
2976,15,1386040,164,0,0,0,0,0.0,0.0,0.00,0.00,0,0
2977,16,1386204,164,1,1,1,0,3377.3,3377.3,-1.09,-1.09,0,1
2978,0,1386368,164,0,0,0,0,0.0,0.0,0.00,0.00,0,0
2979,1,1386532,164,0,0,0,0,0.0,0.0,0.00,0.00,0,0
2980,2,1386696,164,1,1,1,0,2490.7,2490.7,12.01,12.01,1,0
2981,3,1386860,164,0,0,0,0,0.0,0.0,0.00,0.00,0,0
2982,4,1387024,164,12,12,9,3,259.0,11439.3,-66.89,4.64,5,7
2983,5,1387188,164,2,2,1,1,1267.7,4409.1,0.82,21.57,1,1
2984,6,1387352,164,1,1,1,0,4243.1,4243.1,-3.55,-3.55,0,1
2985,7,1387516,164,16,16,6,10,549.3,10718.4,-57.34,42.87,3,13
2986,8,1387680,164,16,16,4,12,476.2,10774.2,-68.53,8.74,1,15
2987,9,1387844,164,3,3,1,2,960.4,4219.6,-15.29,3.28,1,2
2988,10,1388008,164,1,1,0,1,933.5,933.5,0.82,0.82,0,1
2989,11,1388172,164,3,3,0,3,433.4,742.9,-2.46,52.97,1,2
2990,12,1388336,164,1,1,1,0,4577.3,4577.3,-1.37,-1.37,1,0
2991,13,1388500,164,4,4,4,0,3162.9,4815.4,-9.56,38.50,4,0
2992,14,1388664,164,1,1,0,1,1287.1,1287.1,1.37,1.37,0,1
2993,15,1388828,164,0,0,0,0,0.0,0.0,0.00,0.00,0,0
2994,16,1388992,164,2,2,2,0,2778.0,11345.0,-36.31,-0.82,0,2
2995,0,1389156,164,0,0,0,0,0.0,0.0,0.00,0.00,0,0
2996,1,1389320,164,0,0,0,0,0.0,0.0,0.00,0.00,0,0
2997,2,1389484,164,1,1,1,0,2465.9,2465.9,12.01,12.01,1,0
2998,3,1389648,164,0,0,0,0,0.0,0.0,0.00,0.00,0,0
2999,4,1389812,164,17,17,14,3,260.0,11439.3,-43.41,40.41,8,9
3000,5,1389976,164,0,0,0,0,0.0,0.0,0.00,0.00,0,0
3001,6,1390140,164,1,1,1,0,11469.0,11469.0,-4.64,-4.64,0,1
3002,7,1390304,164,10,10,7,3,1007.1,10718.4,-4.10,37.95,2,8
3003,8,1390468,164,14,14,5,9,503.8,10772.4,-34.95,24.85,2,12
3004,9,1390632,164,3,3,1,2,835.2,4265.1,-16.66,1.64,1,2
3005,10,1390796,164,4,4,1,3,930.7,4266.0,-16.38,1.09,1,3
3006,11,1390960,164,2,2,1,1,930.9,3210.5,1.09,2.46,1,1
3007,12,1391124,164,2,2,2,0,4888.4,4985.3,-4.91,-1.91,2,0
3008,13,1391288,164,2,2,2,0,3378.3,4938.0,-11.47,-5.73,2,0
3009,14,1391452,164,2,2,1,1,411.1,4935.9,-11.52,-6.55,2,0
3010,15,1391616,164,1,1,1,0,4576.0,4576.0,-6.01,-6.01,1,0
3011,16,1391780,164,0,0,0,0,0.0,0.0,0.00,0.00,0,0
3012,0,1391944,164,0,0,0,0,0.0,0.0,0.00,0.00,0,0
3013,1,1392108,164,1,1,0,1,1986.8,1986.8,5.46,5.46,1,0
3014,2,1392272,164,1,1,1,0,2419.2,2419.2,12.01,12.01,1,0
3015,3,1392436,164,0,0,0,0,0.0,0.0,0.00,0.00,0,0
3016,4,1392600,164,14,14,10,4,262.5,11439.0,-21.57,69.08,3,11
3017,5,1392764,164,0,0,0,0,0.0,0.0,0.00,0.00,0,0
3018,6,1392928,164,0,0,0,0,0.0,0.0,0.00,0.00,0,0
3019,7,1393092,164,15,15,8,7,1005.5,11466.3,-50.78,58.43,1,14
3020,8,1393256,164,16,16,8,8,524.9,10821.4,-26.48,22.39,5,11
3021,9,1393420,164,2,2,2,0,2632.7,4313.1,-15.56,-0.82,1,1
3022,10,1393584,164,3,3,1,2,908.3,5320.2,-11.19,1.09,1,2
3023,11,1393748,164,4,4,2,2,448.3,4893.4,-5.46,2.73,2,2
3024,12,1393912,164,5,5,1,4,831.7,4893.5,-9.05,39.04,4,1
3025,13,1394076,164,2,2,1,1,1511.5,3402.8,-6.83,1.37,2,0
3026,14,1394240,164,2,2,1,1,1676.3,4964.3,-11.74,-9.83,1,1
3027,15,1394404,164,2,2,1,1,2273.3,3425.5,-4.64,-0.82,2,0
3028,16,1394568,164,0,0,0,0,0.0,0.0,0.00,0.00,0,0
3029,0,1394732,164,0,0,0,0,0.0,0.0,0.00,0.00,0,0
3030,1,1394896,164,1,1,1,0,2394.5,2394.5,12.01,12.01,1,0
3031,2,1395060,164,2,2,1,1,1846.1,2394.0,0.82,11.74,1,1
3032,3,1395224,164,0,0,0,0,0.0,0.0,0.00,0.00,0,0
3033,4,1395388,164,18,18,14,4,237.9,11439.2,-22.94,41.23,11,7
3034,5,1395552,164,3,3,1,2,232.5,9018.0,1.09,3.55,3,0
3035,6,1395716,164,2,2,2,0,6451.4,11466.7,3.28,6.55,1,1
3036,7,1395880,164,15,15,11,4,448.9,10718.3,-68.81,66.35,0,15
3037,8,1396044,164,17,17,8,9,500.8,10888.1,-45.05,59.52,3,14
3038,9,1396208,164,2,2,1,1,502.9,4361.6,-17.75,0.82,1,1
3039,10,1396372,164,3,3,2,1,909.2,4867.4,-17.47,-0.82,2,1
3040,11,1396536,164,2,2,0,2,762.5,985.2,-1.37,-0.82,1,1
3041,12,1396700,164,2,2,0,2,760.9,2042.6,-3.82,-1.64,2,0
3042,13,1396864,164,2,2,1,1,1577.9,4984.7,-7.65,1.09,2,0
3043,14,1397028,164,2,2,1,1,2284.0,4989.2,-7.37,-1.37,1,1
3044,15,1397192,164,1,1,1,0,4338.6,4338.6,-21.84,-21.84,1,0
3045,16,1397356,164,2,2,2,0,2800.7,4623.7,-1.91,1.37,1,1
3046,0,1397520,164,1,1,1,0,3114.0,3114.0,57.88,57.88,1,0
3047,1,1397684,164,2,2,2,0,1962.2,2347.2,5.19,11.74,2,0
3048,2,1397848,164,1,1,1,0,2369.5,2369.5,12.01,12.01,1,0
3049,3,1398012,164,0,0,0,0,0.0,0.0,0.00,0.00,0,0
3050,4,1398176,164,15,15,12,3,1321.1,11439.1,-66.89,41.23,5,10
3051,5,1398340,164,0,0,0,0,0.0,0.0,0.00,0.00,0,0
3052,6,1398504,164,3,3,1,2,238.5,11467.3,-5.19,6.55,3,0
3053,7,1398668,164,12,12,6,6,1007.2,10718.5,-43.41,31.95,1,11
3054,8,1398832,164,11,11,3,8,430.5,10773.9,-33.58,63.89,1,10
3055,9,1398996,164,5,5,3,2,524.3,6307.8,-18.84,1.37,2,3
3056,10,1399160,164,5,5,2,3,472.6,5365.9,-4.64,17.47,3,2
3057,11,1399324,164,1,1,1,0,3187.4,3187.4,2.18,2.18,1,0
3058,12,1399488,164,1,1,0,1,623.5,623.5,0.82,0.82,0,1
3059,13,1399652,164,1,1,0,1,811.6,811.6,11.52,11.52,1,0
3060,14,1399816,164,2,2,2,0,2394.3,10817.6,-4.91,-1.09,1,1
3061,15,1399980,164,0,0,0,0,0.0,0.0,0.00,0.00,0,0
3062,16,1400144,164,0,0,0,0,0.0,0.0,0.00,0.00,0,0
3063,0,1400308,164,1,1,1,0,4361.7,4361.7,0.82,0.82,0,1
3064,1,1400472,164,0,0,0,0,0.0,0.0,0.00,0.00,0,0
3065,2,1400636,164,2,2,1,1,647.6,2322.6,-0.82,12.01,1,1
3066,3,1400800,164,0,0,0,0,0.0,0.0,0.00,0.00,0,0
3067,4,1400964,164,18,18,13,5,977.7,11439.4,-60.34,40.41,5,13
3068,5,1401128,164,0,0,0,0,0.0,0.0,0.00,0.00,0,0
3069,6,1401292,164,2,2,2,0,2177.3,2225.8,4.64,15.02,2,0
3070,7,1401456,164,10,10,9,1,1005.0,11446.6,-1.91,3.55,2,8
3071,8,1401620,164,17,17,10,7,502.5,10771.7,-33.04,63.07,3,14
3072,9,1401784,164,4,4,3,1,644.6,4458.5,-19.93,0.82,2,2
3073,10,1401948,164,0,0,0,0,0.0,0.0,0.00,0.00,0,0
3074,11,1402112,164,1,1,0,1,2106.9,2106.9,-1.37,-1.37,1,0
3075,12,1402276,164,2,2,1,1,2058.7,4966.6,-4.91,-2.46,1,1
3076,13,1402440,164,2,2,2,0,3451.4,4867.8,-7.10,4.64,2,0
3077,14,1402604,164,0,0,0,0,0.0,0.0,0.00,0.00,0,0
3078,15,1402768,164,1,1,1,0,4822.1,4822.1,-10.38,-10.38,1,0
3079,16,1402932,164,3,3,2,1,1363.0,3761.4,-8.19,-3.00,3,0
3080,0,1403096,164,1,1,0,1,697.3,697.3,0.82,0.82,0,1
3081,1,1403260,164,1,1,1,0,10337.6,10337.6,-37.13,-37.13,1,0
3082,2,1403424,164,2,2,0,2,623.6,2306.9,-1.09,12.01,1,1
3083,3,1403588,164,0,0,0,0,0.0,0.0,0.00,0.00,0,0
3084,4,1403752,164,16,16,14,2,1317.8,11439.4,-45.60,41.50,6,10
3085,5,1403916,164,1,1,1,0,12209.2,12209.2,67.99,67.99,0,1
3086,6,1404080,164,1,1,1,0,11490.4,11490.4,-2.73,-2.73,1,0
3087,7,1404244,164,18,18,11,7,550.1,11488.8,-33.86,45.05,2,16
3088,8,1404408,164,10,10,5,5,496.7,10770.9,-42.59,10.10,1,9
3089,9,1404572,164,1,1,0,1,644.9,644.9,1.37,1.37,0,1
3090,10,1404736,164,2,2,1,1,482.8,4529.0,-19.66,1.37,1,1
3091,11,1404900,164,1,1,1,0,1866.3,1866.3,1.09,1.09,0,1
3092,12,1405064,164,1,1,1,0,4747.2,4747.2,-2.18,-2.18,1,0
3093,13,1405228,164,1,1,1,0,3472.6,3472.6,-5.46,-5.46,1,0
3094,14,1405392,164,2,2,1,1,2035.5,2419.2,-5.46,-3.82,1,1
3095,15,1405556,164,2,2,1,1,2137.0,4652.2,-6.28,1.37,1,1
3096,16,1405720,164,0,0,0,0,0.0,0.0,0.00,0.00,0,0
3097,0,1405884,164,0,0,0,0,0.0,0.0,0.00,0.00,0,0
3098,1,1406048,164,1,1,0,1,2278.9,2278.9,11.74,11.74,1,0
3099,2,1406212,164,1,1,0,1,2278.1,2278.1,12.01,12.01,1,0
3100,3,1406376,164,0,0,0,0,0.0,0.0,0.00,0.00,0,0
3101,4,1406540,164,17,17,13,4,1291.8,11439.3,-41.50,39.59,8,9
3102,5,1406704,164,1,1,0,1,1462.2,1462.2,2.46,2.46,0,1
3103,6,1406868,164,1,1,0,1,2227.4,2227.4,6.28,6.28,1,0
3104,7,1407032,164,11,11,9,2,548.3,10718.3,-23.21,1.91,3,8
3105,8,1407196,164,13,13,5,8,498.1,10770.7,-38.50,4.10,2,11
3106,9,1407360,164,4,4,2,2,527.8,4554.7,-19.39,2.46,2,2
3107,10,1407524,164,2,2,1,1,715.7,5343.2,-1.64,9.83,2,0
3108,11,1407688,164,2,2,0,2,380.7,1023.7,0.82,12.01,0,2
3109,12,1407852,164,1,1,1,0,4770.2,4770.2,-4.10,-4.10,1,0
3110,13,1408016,164,2,2,1,1,1294.3,4772.5,1.37,2.73,1,1
3111,14,1408180,164,2,2,0,2,1312.3,1417.3,-3.82,1.37,1,1
3112,15,1408344,164,0,0,0,0,0.0,0.0,0.00,0.00,0,0
3113,16,1408508,164,2,2,2,0,2609.8,3594.5,0.82,1.64,1,1
3114,0,1408672,164,0,0,0,0,0.0,0.0,0.00,0.00,0,0
3115,1,1408836,164,0,0,0,0,0.0,0.0,0.00,0.00,0,0
3116,2,1409000,164,1,1,0,1,2248.5,2248.5,12.01,12.01,1,0
3117,3,1409164,164,0,0,0,0,0.0,0.0,0.00,0.00,0,0
3118,4,1409328,164,17,17,15,2,501.5,11439.3,-67.44,40.14,7,10
3119,5,1409492,164,0,0,0,0,0.0,0.0,0.00,0.00,0,0
3120,6,1409656,164,0,0,0,0,0.0,0.0,0.00,0.00,0,0
3121,7,1409820,164,13,13,8,5,1008.1,10718.3,-0.82,11.19,5,8
3122,8,1409984,164,14,14,4,10,235.4,10608.1,-3.55,11.74,3,11
3123,9,1410148,164,3,3,1,2,645.8,4628.4,-17.75,1.37,1,2
3124,10,1410312,164,5,5,2,3,496.7,5318.9,-17.47,6.55,2,3
3125,11,1410476,164,4,4,2,2,379.2,4795.2,-1.37,12.01,1,3
3126,12,1410640,164,1,1,0,1,617.0,617.0,-0.82,-0.82,0,1
3127,13,1410804,164,1,1,1,0,3474.4,3474.4,-7.37,-7.37,1,0
3128,14,1410968,164,0,0,0,0,0.0,0.0,0.00,0.00,0,0
3129,15,1411132,164,0,0,0,0,0.0,0.0,0.00,0.00,0,0
3130,16,1411296,164,1,1,1,0,4674.7,4674.7,-7.65,-7.65,1,0
3131,0,1411460,164,0,0,0,0,0.0,0.0,0.00,0.00,0,0
3132,1,1411624,164,0,0,0,0,0.0,0.0,0.00,0.00,0,0
3133,2,1411788,164,1,1,0,1,2208.4,2208.4,12.01,12.01,1,0
3134,3,1411952,164,0,0,0,0,0.0,0.0,0.00,0.00,0,0
3135,4,1412116,164,17,17,14,3,498.5,11439.3,-63.34,51.06,6,11
3136,5,1412280,164,1,1,0,1,978.6,978.6,0.82,0.82,0,1
3137,6,1412444,164,0,0,0,0,0.0,0.0,0.00,0.00,0,0
3138,7,1412608,164,17,17,8,9,442.9,10718.3,-54.61,51.60,2,15
3139,8,1412772,164,15,15,6,9,551.0,10771.3,-40.68,69.08,3,12
3140,9,1412936,164,2,2,0,2,647.5,1865.9,1.09,14.20,0,2
3141,10,1413100,164,1,1,0,1,477.9,477.9,-0.82,-0.82,0,1
3142,11,1413264,164,2,2,0,2,377.5,1916.6,0.82,4.10,0,2
3143,12,1413428,164,0,0,0,0,0.0,0.0,0.00,0.00,0,0
3144,13,1413592,164,3,3,2,1,1192.8,4935.4,-4.91,-0.82,2,1
3145,14,1413756,164,0,0,0,0,0.0,0.0,0.00,0.00,0,0
3146,15,1413920,164,1,1,1,0,2562.3,2562.3,-0.82,-0.82,0,1
3147,16,1414084,164,1,1,1,0,4698.5,4698.5,-11.74,-11.74,1,0
3148,0,1414248,164,1,1,0,1,2302.8,2302.8,51.33,51.33,1,0
3149,1,1414412,164,0,0,0,0,0.0,0.0,0.00,0.00,0,0
3150,2,1414576,164,1,1,1,0,2153.7,2153.7,12.01,12.01,1,0
3151,3,1414740,164,0,0,0,0,0.0,0.0,0.00,0.00,0,0
3152,4,1414904,164,12,12,10,2,1443.5,11438.9,-1.64,67.44,7,5
3153,5,1415068,164,0,0,0,0,0.0,0.0,0.00,0.00,0,0
3154,6,1415232,164,1,1,0,1,743.1,743.1,0.82,0.82,0,1
3155,7,1415396,164,12,12,8,4,1746.2,11462.5,-2.73,56.25,3,9
3156,8,1415560,164,18,18,10,8,521.2,10817.4,-9.28,55.70,3,15
3157,9,1415724,164,3,3,1,2,670.8,3954.4,-4.64,1.37,1,2
3158,10,1415888,164,1,1,1,0,5271.8,5271.8,11.19,11.19,1,0
3159,11,1416052,164,5,5,2,3,354.9,5254.0,-5.19,11.19,2,3
3160,12,1416216,164,3,3,1,2,618.5,4966.3,-1.37,1.09,1,2
3161,13,1416380,164,1,1,1,0,4939.1,4939.1,-4.91,-4.91,1,0
3162,14,1416544,164,2,2,1,1,1962.6,4793.2,-0.82,1.09,1,1
3163,15,1416708,164,1,1,0,1,1753.7,1753.7,-0.82,-0.82,0,1
3164,16,1416872,164,3,3,3,0,2658.7,4697.5,-4.91,1.64,1,2
3165,0,1417036,164,0,0,0,0,0.0,0.0,0.00,0.00,0,0
3166,1,1417200,164,2,2,0,2,1888.0,2138.7,4.10,11.74,2,0
3167,2,1417364,164,1,1,0,1,2138.9,2138.9,12.01,12.01,1,0
3168,3,1417528,164,0,0,0,0,0.0,0.0,0.00,0.00,0,0
3169,4,1417692,164,21,21,18,3,1318.4,11968.5,-49.15,52.42,8,13
3170,5,1417856,164,0,0,0,0,0.0,0.0,0.00,0.00,0,0
3171,6,1418020,164,1,1,1,0,11485.1,11485.1,-0.82,-0.82,0,1
3172,7,1418184,164,8,8,7,1,552.5,10221.8,-19.11,5.19,2,6
3173,8,1418348,164,12,12,5,7,500.3,10817.6,-1.91,22.66,3,9
3174,9,1418512,164,3,3,1,2,666.9,2610.5,-1.09,-0.82,0,3
3175,10,1418676,164,5,5,3,2,714.2,4796.0,-17.47,3.28,2,3
3176,11,1418840,164,7,7,4,3,357.3,5129.1,-4.91,-0.82,3,4
3177,12,1419004,164,3,3,2,1,1192.8,5084.0,-1.64,7.10,2,1
3178,13,1419168,164,2,2,1,1,1339.4,5756.4,-64.71,-0.82,1,1
3179,14,1419332,164,1,1,0,1,2139.1,2139.1,-1.64,-1.64,0,1
3180,15,1419496,164,0,0,0,0,0.0,0.0,0.00,0.00,0,0
3181,16,1419660,164,1,1,0,1,2060.7,2060.7,1.64,1.64,0,1
3182,0,1419824,164,0,0,0,0,0.0,0.0,0.00,0.00,0,0
3183,1,1419988,164,0,0,0,0,0.0,0.0,0.00,0.00,0,0
3184,2,1420152,164,1,1,0,1,1485.3,1485.3,0.82,0.82,0,1
3185,3,1420316,164,0,0,0,0,0.0,0.0,0.00,0.00,0,0
3186,4,1420480,164,16,16,12,4,1292.6,11438.9,-39.86,40.14,6,10
3187,5,1420644,164,1,1,1,0,6425.4,6425.4,-3.28,-3.28,1,0
3188,6,1420808,164,2,2,2,0,927.1,11468.5,-2.18,58.82,1,1
3189,7,1420972,164,11,11,10,1,187.4,10745.8,-12.83,62.80,3,8
3190,8,1421136,164,19,19,11,8,185.3,10822.2,-11.47,29.21,8,11
3191,9,1421300,164,3,3,0,3,647.4,2150.4,-0.82,1.37,0,3
3192,10,1421464,164,3,3,2,1,1792.7,4842.1,-12.56,5.73,1,2
3193,11,1421628,164,4,4,2,2,1609.4,5200.1,-1.37,15.84,2,2
3194,12,1421792,164,1,1,0,1,191.7,191.7,-9.01,-9.01,1,0
3195,13,1421956,164,1,1,1,0,4985.9,4985.9,-7.92,-7.92,1,0
3196,14,1422120,164,0,0,0,0,0.0,0.0,0.00,0.00,0,0
3197,15,1422284,164,1,1,1,0,4915.4,4915.4,-5.19,-5.19,1,0
3198,16,1422448,164,1,1,1,0,3593.4,3593.4,1.09,1.09,0,1
3199,0,1422612,164,0,0,0,0,0.0,0.0,0.00,0.00,0,0
3200,1,1422776,164,0,0,0,0,0.0,0.0,0.00,0.00,0,0
3201,2,1422940,164,3,3,2,1,2079.3,8467.1,-90.27,12.01,3,0
3202,3,1423104,164,1,1,0,1,2085.1,2085.1,0.82,0.82,0,1
3203,4,1423268,164,16,16,13,3,1319.8,11439.3,-64.71,53.79,4,12
3204,5,1423432,164,1,1,0,1,983.1,983.1,-0.82,-0.82,0,1
3205,6,1423596,164,0,0,0,0,0.0,0.0,0.00,0.00,0,0
3206,7,1423760,164,18,18,11,7,642.9,11469.7,-7.65,50.78,2,16
3207,8,1423924,164,12,12,5,7,601.9,10771.7,-1.09,46.14,0,12
3208,9,1424088,164,3,3,0,3,645.8,2151.9,-0.82,15.29,0,3
3209,10,1424252,164,3,3,3,0,3234.8,4867.8,-10.10,-2.18,3,0
3210,11,1424416,164,2,2,0,2,352.7,1871.7,-0.82,2.18,0,2
3211,12,1424580,164,0,0,0,0,0.0,0.0,0.00,0.00,0,0
3212,13,1424744,164,1,1,1,0,6908.9,6908.9,-64.44,-64.44,1,0
3213,14,1424908,164,1,1,0,1,1579.9,1579.9,-1.37,-1.37,0,1
3214,15,1425072,164,0,0,0,0,0.0,0.0,0.00,0.00,0,0
3215,16,1425236,164,0,0,0,0,0.0,0.0,0.00,0.00,0,0
3216,0,1425400,164,0,0,0,0,0.0,0.0,0.00,0.00,0,0
3217,1,1425564,164,1,1,1,0,2034.4,2034.4,11.74,11.74,1,0
3218,2,1425728,164,1,1,0,1,2039.2,2039.2,12.01,12.01,1,0
3219,3,1425892,164,1,1,0,1,740.4,740.4,-0.82,-0.82,0,1
3220,4,1426056,164,15,15,13,2,1332.3,11439.4,-8.19,58.16,5,10
3221,5,1426220,164,1,1,1,0,4169.5,4169.5,-0.82,-0.82,0,1
3222,6,1426384,164,1,1,1,0,5083.4,5083.4,5.73,5.73,1,0
3223,7,1426548,164,9,9,6,3,718.0,10221.1,-4.10,1.37,1,8
3224,8,1426712,164,18,18,6,12,599.5,10864.4,-64.16,56.25,4,14
3225,9,1426876,164,4,4,2,2,649.0,4985.4,0.82,13.65,1,3
3226,10,1427040,164,1,1,1,0,4936.0,4936.0,-7.37,-7.37,1,0
3227,11,1427204,164,2,2,1,1,1840.8,4914.5,-5.73,1.09,1,1
3228,12,1427368,164,4,4,2,2,236.2,4674.0,0.82,7.92,3,1
3229,13,1427532,164,4,4,3,1,576.8,5061.2,-9.83,0.82,3,1
3230,14,1427696,164,0,0,0,0,0.0,0.0,0.00,0.00,0,0
3231,15,1427860,164,0,0,0,0,0.0,0.0,0.00,0.00,0,0
3232,16,1428024,164,1,1,0,1,1940.3,1940.3,1.09,1.09,0,1
3233,0,1428188,164,1,1,1,0,2778.0,2778.0,2.46,2.46,1,0
3234,1,1428352,164,1,1,1,0,2537.9,2537.9,1.37,1.37,1,0
3235,2,1428516,164,2,2,0,2,433.5,2009.9,1.09,12.01,1,1
3236,3,1428680,164,0,0,0,0,0.0,0.0,0.00,0.00,0,0
3237,4,1428844,164,10,10,8,2,1319.8,11439.1,-64.98,5.73,5,5
3238,5,1429008,164,0,0,0,0,0.0,0.0,0.00,0.00,0,0
3239,6,1429172,164,0,0,0,0,0.0,0.0,0.00,0.00,0,0
3240,7,1429336,164,17,17,9,8,694.2,10221.3,-69.08,69.62,4,13
3241,8,1429500,164,13,13,6,7,499.1,10818.3,-39.32,62.80,3,10
3242,9,1429664,164,2,2,2,0,2538.1,4985.2,-4.64,1.09,1,1
3243,10,1429828,164,3,3,2,1,883.1,4939.5,-5.73,-1.37,2,1
3244,11,1429992,164,5,5,1,4,378.5,4939.7,-5.73,7.92,1,4
3245,12,1430156,164,2,2,1,1,2016.5,3114.8,-4.64,1.91,2,0
3246,13,1430320,164,2,2,1,1,231.5,8062.3,-63.89,-3.00,2,0
3247,14,1430484,164,0,0,0,0,0.0,0.0,0.00,0.00,0,0
3248,15,1430648,164,0,0,0,0,0.0,0.0,0.00,0.00,0,0
3249,16,1430812,164,0,0,0,0,0.0,0.0,0.00,0.00,0,0
3250,0,1430976,164,0,0,0,0,0.0,0.0,0.00,0.00,0,0
3251,1,1431140,164,1,1,0,1,1969.1,1969.1,11.74,11.74,1,0
3252,2,1431304,164,1,1,0,1,1969.8,1969.8,12.01,12.01,1,0
3253,3,1431468,164,0,0,0,0,0.0,0.0,0.00,0.00,0,0
3254,4,1431632,164,14,14,10,4,1291.5,11439.2,-5.19,41.23,3,11
3255,5,1431796,164,0,0,0,0,0.0,0.0,0.00,0.00,0,0
3256,6,1431960,164,0,0,0,0,0.0,0.0,0.00,0.00,0,0
3257,7,1432124,164,16,16,9,7,717.1,10221.5,-67.17,58.43,2,14
3258,8,1432288,164,13,13,5,8,615.4,10817.5,-27.30,63.34,4,9
3259,9,1432452,164,5,5,1,4,668.4,4050.9,-1.09,11.47,1,4
3260,10,1432616,164,1,1,1,0,5009.1,5009.1,-6.28,-6.28,1,0
3261,11,1432780,164,0,0,0,0,0.0,0.0,0.00,0.00,0,0
3262,12,1432944,164,3,3,3,0,2946.2,12619.9,1.09,34.95,2,1
3263,13,1433108,164,3,3,3,0,5083.4,8633.7,-63.62,-1.91,3,0
3264,14,1433272,164,2,2,2,0,5104.3,5106.7,-7.92,-7.92,2,0
3265,15,1433436,164,0,0,0,0,0.0,0.0,0.00,0.00,0,0
3266,16,1433600,164,1,1,1,0,3137.2,3137.2,1.64,1.64,0,1
3267,0,1433764,164,1,1,1,0,9857.3,9857.3,-1.91,-1.91,1,0
3268,1,1433928,164,2,2,1,1,1939.8,2634.3,3.82,11.74,2,0
3269,2,1434092,164,1,1,0,1,1939.9,1939.9,12.01,12.01,1,0
3270,3,1434256,164,1,1,1,0,3017.9,3017.9,14.20,14.20,1,0
3271,4,1434420,164,14,14,11,3,1336.9,11439.3,-9.28,55.15,5,9
3272,5,1434584,164,0,0,0,0,0.0,0.0,0.00,0.00,0,0
3273,6,1434748,164,1,1,0,1,738.5,738.5,-1.09,-1.09,0,1
3274,7,1434912,164,11,11,8,3,551.2,10221.8,-26.76,48.60,4,7
3275,8,1435076,164,15,15,4,11,503.0,10770.3,-17.20,42.32,2,13
3276,9,1435240,164,2,2,0,2,1073.0,2088.1,-5.73,-0.82,0,2
3277,10,1435404,164,2,2,0,2,672.3,1864.7,0.82,0.82,0,2
3278,11,1435568,164,6,6,0,6,356.5,2110.3,-5.46,22.94,0,6
3279,12,1435732,164,5,5,5,0,3355.5,12116.2,-6.55,34.68,5,0
3280,13,1435896,164,0,0,0,0,0.0,0.0,0.00,0.00,0,0
3281,14,1436060,164,1,1,1,0,5103.6,5103.6,-6.55,-6.55,1,0
3282,15,1436224,164,2,2,0,2,214.8,1824.4,-5.73,1.09,1,1
3283,16,1436388,164,0,0,0,0,0.0,0.0,0.00,0.00,0,0
3284,0,1436552,164,0,0,0,0,0.0,0.0,0.00,0.00,0,0
3285,1,1436716,164,0,0,0,0,0.0,0.0,0.00,0.00,0,0
3286,2,1436880,164,1,1,0,1,1899.1,1899.1,12.01,12.01,1,0
3287,3,1437044,164,0,0,0,0,0.0,0.0,0.00,0.00,0,0
3288,4,1437208,164,11,11,10,1,1441.6,11439.4,-52.42,7.37,5,6
3289,5,1437372,164,1,1,0,1,504.5,504.5,40.96,40.96,1,0
3290,6,1437536,164,2,2,0,2,2158.7,2222.8,-0.82,2.73,1,1
3291,7,1437700,164,13,13,5,8,503.4,10717.9,-67.44,43.14,0,13
3292,8,1437864,164,15,15,6,9,500.0,10772.6,-1.64,60.34,2,13
3293,9,1438028,164,2,2,1,1,2327.1,2755.2,-0.82,3.28,0,2
3294,10,1438192,164,1,1,1,0,3257.7,3257.7,-4.37,-4.37,1,0
3295,11,1438356,164,2,2,1,1,2039.3,5105.9,-17.47,-7.10,1,1
3296,12,1438520,164,2,2,2,0,2922.0,11612.9,-0.82,34.68,1,1
3297,13,1438684,164,2,2,1,1,1464.2,1641.2,-172.76,0.82,1,1
3298,14,1438848,164,2,2,2,0,1665.3,1666.6,-172.76,-172.76,2,0
3299,15,1439012,164,0,0,0,0,0.0,0.0,0.00,0.00,0,0
3300,16,1439176,164,0,0,0,0,0.0,0.0,0.00,0.00,0,0
3301,0,1439340,164,0,0,0,0,0.0,0.0,0.00,0.00,0,0
3302,1,1439504,164,0,0,0,0,0.0,0.0,0.00,0.00,0,0
3303,2,1439668,164,1,1,0,1,1871.8,1871.8,11.74,11.74,1,0
3304,3,1439832,164,0,0,0,0,0.0,0.0,0.00,0.00,0,0
3305,4,1439996,164,18,18,16,2,1314.8,11439.5,-59.80,48.33,7,11
3306,5,1440160,164,2,2,1,1,2058.9,4314.3,0.82,1.37,1,1
3307,6,1440324,164,1,1,0,1,2207.6,2207.6,0.82,0.82,0,1
3308,7,1440488,164,12,12,6,6,1507.2,10220.4,-29.21,59.80,2,10
3309,8,1440652,164,14,14,3,11,521.5,10769.6,-66.62,22.66,2,12
3310,9,1440816,164,3,3,1,2,1460.1,2203.0,-5.19,15.02,1,2
3311,10,1440980,164,2,2,1,1,2201.9,2562.2,-4.91,0.82,0,2
3312,11,1441144,164,5,5,1,4,450.5,5174.0,-63.34,23.21,1,4
3313,12,1441308,164,3,3,3,0,3427.4,11154.1,-8.19,34.68,3,0
3314,13,1441472,164,4,4,3,1,1465.0,5055.5,-172.76,1.37,3,1
3315,14,1441636,164,4,4,3,1,2107.3,5133.1,-172.76,12.29,3,1
3316,15,1441800,164,0,0,0,0,0.0,0.0,0.00,0.00,0,0
3317,16,1441964,164,0,0,0,0,0.0,0.0,0.00,0.00,0,0
3318,0,1442128,164,1,1,1,0,9883.1,9883.1,-2.46,-2.46,1,0
3319,1,1442292,164,1,1,1,0,2633.5,2633.5,1.91,1.91,1,0
3320,2,1442456,164,3,3,0,3,766.0,1821.3,-1.09,12.01,1,2
3321,3,1442620,164,1,1,0,1,1917.1,1917.1,-1.37,-1.37,0,1
3322,4,1442784,164,20,20,17,3,458.7,12186.0,-45.87,68.53,8,12
3323,5,1442948,164,0,0,0,0,0.0,0.0,0.00,0.00,0,0
3324,6,1443112,164,1,1,1,0,11486.7,11486.7,-1.37,-1.37,0,1
3325,7,1443276,164,11,11,8,3,694.8,10718.0,-7.10,1.37,2,9
3326,8,1443440,164,17,17,9,8,502.2,10771.8,-11.74,46.96,3,14
3327,9,1443604,164,4,4,1,3,523.1,4121.4,-3.82,15.29,1,3
3328,10,1443768,164,5,5,2,3,712.9,3282.9,-8.74,14.74,0,5
3329,11,1443932,164,8,8,3,5,377.7,10672.1,-0.82,34.68,2,6
3330,12,1444096,164,5,5,5,0,4654.0,10645.1,-1.91,34.68,5,0
3331,13,1444260,164,2,2,2,0,4911.3,10940.1,-62.53,-1.37,2,0
3332,14,1444424,164,1,1,1,0,5417.6,5417.6,37.13,37.13,0,1
3333,15,1444588,164,2,2,1,1,1461.7,11081.1,-12.56,1.37,2,0
3334,16,1444752,164,1,1,1,0,3640.7,3640.7,-0.82,-0.82,0,1
3335,0,1444916,164,0,0,0,0,0.0,0.0,0.00,0.00,0,0
3336,1,1445080,164,0,0,0,0,0.0,0.0,0.00,0.00,0,0
3337,2,1445244,164,0,0,0,0,0.0,0.0,0.00,0.00,0,0
3338,3,1445408,164,0,0,0,0,0.0,0.0,0.00,0.00,0,0
3339,4,1445572,164,17,17,14,3,1384.5,11439.2,-59.80,65.53,8,9
3340,5,1445736,164,0,0,0,0,0.0,0.0,0.00,0.00,0,0
3341,6,1445900,164,2,2,1,1,2089.3,11490.5,-5.19,0.82,1,1
3342,7,1446064,164,19,19,8,11,714.6,10718.6,-58.98,53.79,3,16
3343,8,1446228,164,18,18,6,12,480.1,10826.1,-55.97,45.87,9,9
3344,9,1446392,164,2,2,0,2,1383.3,2187.9,-0.82,12.56,1,1
3345,10,1446556,164,2,2,2,0,2705.2,5110.0,-6.83,1.09,1,1
3346,11,1446720,164,6,6,5,1,380.3,10173.8,-9.56,34.40,4,2
3347,12,1446884,164,3,3,2,1,867.2,10150.9,-0.82,34.40,2,1
3348,13,1447048,164,3,3,3,0,3108.1,11507.5,-172.76,-62.25,3,0
3349,14,1447212,164,3,3,2,1,1574.7,3134.3,-172.76,-0.82,2,1
3350,15,1447376,164,2,2,0,2,936.6,1753.8,-2.18,-1.37,1,1
3351,16,1447540,164,0,0,0,0,0.0,0.0,0.00,0.00,0,0
3352,0,1447704,164,1,1,0,1,2061.6,2061.6,5.19,5.19,1,0
3353,1,1447868,164,0,0,0,0,0.0,0.0,0.00,0.00,0,0
3354,2,1448032,164,0,0,0,0,0.0,0.0,0.00,0.00,0,0
3355,3,1448196,164,2,2,0,2,2083.3,2129.4,-1.37,-1.09,0,2
3356,4,1448360,164,20,20,16,4,1287.2,11439.2,-63.62,58.98,6,14
3357,5,1448524,164,0,0,0,0,0.0,0.0,0.00,0.00,0,0
3358,6,1448688,164,2,2,1,1,2104.8,11464.5,-0.82,4.37,1,1
3359,7,1448852,164,15,15,7,8,985.2,10718.9,-25.67,61.16,2,13
3360,8,1449016,164,11,11,5,6,603.3,10671.9,-23.21,53.79,3,8
3361,9,1449180,164,4,4,2,2,960.5,4962.9,-5.73,1.09,1,3
3362,10,1449344,164,2,2,0,2,722.1,1129.3,-0.82,1.37,1,1
3363,11,1449508,164,6,6,3,3,525.9,9685.6,-35.77,34.40,4,2
3364,12,1449672,164,4,4,4,0,3090.0,9665.4,-9.01,34.40,4,0
3365,13,1449836,164,4,4,4,0,3257.2,9787.6,-178.52,58.70,4,0
3366,14,1450000,164,3,3,3,0,3441.1,3633.3,-178.52,-178.52,3,0
3367,15,1450164,164,0,0,0,0,0.0,0.0,0.00,0.00,0,0
3368,16,1450328,164,0,0,0,0,0.0,0.0,0.00,0.00,0,0
3369,0,1450492,164,0,0,0,0,0.0,0.0,0.00,0.00,0,0
3370,1,1450656,164,1,1,0,1,625.5,625.5,0.82,0.82,0,1
3371,2,1450820,164,0,0,0,0,0.0,0.0,0.00,0.00,0,0
3372,3,1450984,164,0,0,0,0,0.0,0.0,0.00,0.00,0,0
3373,4,1451148,164,17,17,14,3,1318.5,11685.0,-26.76,43.41,3,14
3374,5,1451312,164,0,0,0,0,0.0,0.0,0.00,0.00,0,0
3375,6,1451476,164,0,0,0,0,0.0,0.0,0.00,0.00,0,0
3376,7,1451640,164,13,13,7,6,695.8,10719.0,-22.94,62.80,6,7
3377,8,1451804,164,15,15,7,8,600.7,10826.4,-11.74,69.62,3,12
3378,9,1451968,164,4,4,0,4,550.4,1297.2,-0.82,50.24,0,4
3379,10,1452132,164,6,6,4,2,429.6,2705.5,-9.28,1.37,0,6
3380,11,1452296,164,5,5,3,2,427.0,9182.6,-9.28,33.86,2,3
3381,12,1452460,164,1,1,1,0,9183.2,9183.2,34.13,34.13,1,0
3382,13,1452624,164,3,3,3,0,4107.6,12641.4,-178.52,-1.37,3,0
3383,14,1452788,164,3,3,3,0,2370.8,4135.2,-178.52,-21.84,2,1
3384,15,1452952,164,0,0,0,0,0.0,0.0,0.00,0.00,0,0
3385,16,1453116,164,0,0,0,0,0.0,0.0,0.00,0.00,0,0
3386,0,1453280,164,0,0,0,0,0.0,0.0,0.00,0.00,0,0
3387,1,1453444,164,1,1,0,1,1703.5,1703.5,11.74,11.74,1,0
3388,2,1453608,164,2,2,0,2,1461.5,1702.4,-0.82,12.01,1,1
3389,3,1453772,164,0,0,0,0,0.0,0.0,0.00,0.00,0,0
3390,4,1453936,164,17,17,16,1,1365.2,11439.2,-66.08,42.59,7,10
3391,5,1454100,164,0,0,0,0,0.0,0.0,0.00,0.00,0,0
3392,6,1454264,164,1,1,0,1,1292.5,1292.5,0.82,0.82,1,0
3393,7,1454428,164,17,17,10,7,696.2,10719.0,-47.51,40.14,4,13
3394,8,1454592,164,21,21,9,12,614.7,10818.0,-67.44,27.85,2,19
3395,9,1454756,164,4,4,2,2,1250.8,3185.7,-12.83,14.47,1,3
3396,10,1454920,164,6,6,2,4,449.4,3281.0,-58.43,1.09,2,4
3397,11,1455084,164,7,7,2,5,377.6,8708.0,-9.83,33.86,3,4
3398,12,1455248,164,4,4,4,0,3691.0,8683.3,-4.37,33.86,3,1
3399,13,1455412,164,3,3,3,0,4916.3,5150.3,-5.46,4.91,3,0
3400,14,1455576,164,5,5,4,1,1727.9,5150.3,-178.52,4.37,4,1
3401,15,1455740,164,2,2,1,1,1912.0,4699.7,-15.29,1.37,1,1
3402,16,1455904,164,1,1,1,0,2874.6,2874.6,1.64,1.64,0,1
3403,0,1456068,164,0,0,0,0,0.0,0.0,0.00,0.00,0,0
3404,1,1456232,164,2,2,0,2,697.9,1676.8,0.82,11.74,1,1
3405,2,1456396,164,1,1,0,1,1674.4,1674.4,12.01,12.01,1,0
3406,3,1456560,164,1,1,1,0,2347.5,2347.5,8.74,8.74,1,0
3407,4,1456724,164,22,22,18,4,1320.8,11439.3,-58.16,68.81,11,11
3408,5,1456888,164,1,1,1,0,4987.3,4987.3,6.55,6.55,1,0
3409,6,1457052,164,1,1,0,1,1605.6,1605.6,0.82,0.82,1,0
3410,7,1457216,164,11,11,6,5,1433.2,10718.9,-32.76,1.91,1,10
3411,8,1457380,164,12,12,4,8,597.8,10772.2,-55.43,52.97,3,9
3412,9,1457544,164,4,4,0,4,530.0,2137.2,-1.37,16.38,0,4
3413,10,1457708,164,3,3,1,2,497.8,2779.0,-2.73,1.09,1,2
3414,11,1457872,164,3,3,2,1,2225.7,8225.3,-11.19,33.58,3,0
3415,12,1458036,164,6,6,6,0,3474.3,8198.8,-8.46,33.58,6,0
3416,13,1458200,164,2,2,1,1,1506.1,5108.0,-9.01,1.09,2,0
3417,14,1458364,164,3,3,1,2,1723.7,5155.2,-6.83,-1.09,1,2
3418,15,1458528,164,1,1,1,0,5180.4,5180.4,-12.83,-12.83,1,0
3419,16,1458692,164,2,2,2,0,3209.6,3210.5,1.37,1.37,1,1
3420,0,1458856,164,0,0,0,0,0.0,0.0,0.00,0.00,0,0
3421,1,1459020,164,0,0,0,0,0.0,0.0,0.00,0.00,0,0
3422,2,1459184,164,1,1,0,1,1634.1,1634.1,12.01,12.01,1,0
3423,3,1459348,164,0,0,0,0,0.0,0.0,0.00,0.00,0,0
3424,4,1459512,164,16,16,14,2,1313.9,11439.5,-56.25,18.57,6,10
3425,5,1459676,164,1,1,1,0,4963.8,4963.8,2.18,2.18,1,0
3426,6,1459840,164,0,0,0,0,0.0,0.0,0.00,0.00,0,0
3427,7,1460004,164,19,19,12,7,689.8,10719.0,-61.16,11.52,2,17
3428,8,1460168,164,19,19,10,9,599.4,10866.4,-63.89,26.21,4,15
3429,9,1460332,164,2,2,0,2,958.5,2231.4,-5.19,1.09,0,2
3430,10,1460496,164,3,3,2,1,2279.4,2539.0,-6.83,-1.09,2,1
3431,11,1460660,164,3,3,2,1,2251.3,7723.5,-11.19,33.31,3,0
3432,12,1460824,164,3,3,3,0,3569.7,7718.7,4.91,33.31,3,0
3433,13,1460988,164,4,4,2,2,817.9,12113.5,-3.28,2.73,3,1
3434,14,1461152,164,2,2,1,1,1724.5,2249.7,-0.82,1.09,0,2
3435,15,1461316,164,1,1,1,0,7624.4,7624.4,7.65,7.65,1,0
3436,16,1461480,164,0,0,0,0,0.0,0.0,0.00,0.00,0,0
3437,0,1461644,164,0,0,0,0,0.0,0.0,0.00,0.00,0,0
3438,1,1461808,164,0,0,0,0,0.0,0.0,0.00,0.00,0,0
3439,2,1461972,164,1,1,0,1,1604.9,1604.9,12.01,12.01,1,0
3440,3,1462136,164,0,0,0,0,0.0,0.0,0.00,0.00,0,0
3441,4,1462300,164,20,20,16,4,451.7,11439.8,-66.35,68.26,7,13
3442,5,1462464,164,0,0,0,0,0.0,0.0,0.00,0.00,0,0
3443,6,1462628,164,2,2,2,0,5540.7,12356.2,-40.68,-4.64,2,0
3444,7,1462792,164,16,16,8,8,833.9,10718.7,-39.04,49.69,3,13
3445,8,1462956,164,13,13,6,7,601.9,10767.5,-64.71,58.98,2,11
3446,9,1463120,164,0,0,0,0,0.0,0.0,0.00,0.00,0,0
3447,10,1463284,164,7,7,2,5,479.9,3307.3,-12.83,1.37,2,5
3448,11,1463448,164,6,6,3,3,381.5,7243.6,-2.18,33.04,3,3
3449,12,1463612,164,6,6,6,0,3065.6,7217.1,-7.10,32.76,6,0
3450,13,1463776,164,3,3,3,0,2513.3,4912.7,-2.73,108.59,3,0
3451,14,1463940,164,3,3,1,2,1719.4,2561.9,-0.82,108.59,1,2
3452,15,1464104,164,1,1,1,0,5245.6,5245.6,-8.19,-8.19,1,0
3453,16,1464268,164,2,2,0,2,1504.8,1699.7,1.09,1.37,1,1
3454,0,1464432,164,0,0,0,0,0.0,0.0,0.00,0.00,0,0
3455,1,1464596,164,1,1,0,1,1577.4,1577.4,11.74,11.74,1,0
3456,2,1464760,164,2,2,1,1,1575.3,12038.0,-0.82,12.01,1,1
3457,3,1464924,164,0,0,0,0,0.0,0.0,0.00,0.00,0,0
3458,4,1465088,164,15,15,12,3,506.3,11439.1,-56.25,155.48,6,9
3459,5,1465252,164,0,0,0,0,0.0,0.0,0.00,0.00,0,0
3460,6,1465416,164,1,1,1,0,11462.6,11462.6,3.28,3.28,0,1
3461,7,1465580,164,17,17,11,6,358.4,10743.5,-55.15,69.90,4,13
3462,8,1465744,164,13,13,3,10,548.3,10817.2,-42.59,69.35,2,11
3463,9,1465908,164,4,4,1,3,499.5,4074.3,-7.10,-1.09,1,3
3464,10,1466072,164,3,3,1,2,937.8,2326.6,-1.37,1.09,2,1
3465,11,1466236,164,5,5,2,3,378.6,6758.8,-4.37,32.49,1,4
3466,12,1466400,164,2,2,2,0,3928.9,6714.0,1.09,32.49,2,0
3467,13,1466564,164,3,3,2,1,867.0,5156.6,-5.19,104.07,3,0
3468,14,1466728,164,3,3,1,2,1944.7,5128.4,-8.19,1.09,1,2
3469,15,1466892,164,1,1,0,1,1893.9,1893.9,-10.38,-10.38,1,0
3470,16,1467056,164,2,2,1,1,2152.9,6094.4,-20.59,-1.09,1,1
3471,0,1467220,164,1,1,1,0,3017.8,3017.8,5.73,5.73,1,0
3472,1,1467384,164,0,0,0,0,0.0,0.0,0.00,0.00,0,0
3473,2,1467548,164,1,1,0,1,1534.3,1534.3,12.01,12.01,1,0
3474,3,1467712,164,0,0,0,0,0.0,0.0,0.00,0.00,0,0
3475,4,1467876,164,16,16,15,1,1386.4,11439.3,-14.47,66.35,7,9
3476,5,1468040,164,0,0,0,0,0.0,0.0,0.00,0.00,0,0
3477,6,1468204,164,1,1,0,1,523.9,523.9,-39.59,-39.59,1,0
3478,7,1468368,164,16,16,11,5,1433.0,11445.8,-16.93,49.15,2,14
3479,8,1468532,164,15,15,5,10,600.3,6661.8,-54.33,29.21,3,12
3480,9,1468696,164,1,1,0,1,596.5,596.5,-8.74,-8.74,0,1
3481,10,1468860,164,2,2,1,1,952.2,3330.5,-7.92,0.82,1,1
3482,11,1469024,164,3,3,2,1,575.9,6252.0,1.09,32.22,1,2
3483,12,1469188,164,5,5,3,2,862.4,6229.1,-4.91,31.95,4,1
3484,13,1469352,164,2,2,2,0,3570.6,5156.6,3.28,104.07,2,0
3485,14,1469516,164,2,2,1,1,2079.1,3610.9,-1.09,104.07,1,1
3486,15,1469680,164,1,1,1,0,5277.7,5277.7,-4.10,-4.10,1,0
3487,16,1469844,164,2,2,1,1,1486.8,3547.1,-1.09,1.37,2,0
3488,0,1470008,164,0,0,0,0,0.0,0.0,0.00,0.00,0,0
3489,1,1470172,164,1,1,0,1,528.2,528.2,-9.01,-9.01,0,1
3490,2,1470336,164,2,2,0,2,528.8,1506.5,-9.01,11.74,1,1
3491,3,1470500,164,3,3,2,1,1918.2,10097.3,-31.67,0.82,2,1
3492,4,1470664,164,21,21,16,5,548.6,11439.3,-58.70,48.87,8,13
3493,5,1470828,164,0,0,0,0,0.0,0.0,0.00,0.00,0,0
3494,6,1470992,164,2,2,1,1,1292.0,11447.4,0.82,0.82,1,1
3495,7,1471156,164,13,13,5,8,351.6,10718.8,-63.62,69.62,0,13
3496,8,1471320,164,13,13,4,9,238.0,10820.0,-41.50,69.35,2,11
3497,9,1471484,164,1,1,0,1,624.6,624.6,-12.29,-12.29,0,1
3498,10,1471648,164,0,0,0,0,0.0,0.0,0.00,0.00,0,0
3499,11,1471812,164,4,4,2,2,434.4,7842.8,-1.09,31.67,3,1
3500,12,1471976,164,3,3,2,1,1964.6,5755.3,-4.10,31.67,3,0
3501,13,1472140,164,3,3,3,0,2080.6,5157.0,-3.28,104.07,3,0
3502,14,1472304,164,3,3,3,0,2057.5,5155.9,-10.38,104.07,2,1
3503,15,1472468,164,1,1,1,0,5297.8,5297.8,-4.91,-4.91,1,0
3504,16,1472632,164,1,1,1,0,3523.0,3523.0,1.09,1.09,0,1
3505,0,1472796,164,0,0,0,0,0.0,0.0,0.00,0.00,0,0
3506,1,1472960,164,1,1,0,1,546.6,546.6,1.91,1.91,1,0
3507,2,1473124,164,3,3,0,3,548.2,1466.5,2.18,11.74,3,0
3508,3,1473288,164,1,1,1,0,10167.0,10167.0,-18.84,-18.84,1,0
3509,4,1473452,164,14,14,10,4,501.1,11439.0,-38.50,38.50,4,10
3510,5,1473616,164,0,0,0,0,0.0,0.0,0.00,0.00,0,0
3511,6,1473780,164,0,0,0,0,0.0,0.0,0.00,0.00,0,0
3512,7,1473944,164,16,16,10,6,1432.7,10718.7,-58.43,37.13,3,13
3513,8,1474108,164,11,11,4,7,601.1,10767.1,-46.42,22.39,0,11
3514,9,1474272,164,1,1,0,1,663.8,663.8,-11.74,-11.74,0,1
3515,10,1474436,164,1,1,1,0,3353.7,3353.7,5.73,5.73,0,1
3516,11,1474600,164,3,3,2,1,381.1,5297.9,-12.01,30.85,2,1
3517,12,1474764,164,3,3,2,1,1962.9,5275.2,-7.10,30.85,3,0
3518,13,1474928,164,2,2,2,0,4619.0,5252.8,-5.46,104.07,2,0
3519,14,1475092,164,3,3,3,0,4647.2,5176.2,-12.01,104.07,3,0
3520,15,1475256,164,0,0,0,0,0.0,0.0,0.00,0.00,0,0
3521,16,1475420,164,2,2,2,0,3570.0,7986.4,-22.17,1.09,1,1
3522,0,1475584,164,0,0,0,0,0.0,0.0,0.00,0.00,0,0
3523,1,1475748,164,1,1,0,1,546.1,546.1,1.64,1.64,1,0
3524,2,1475912,164,2,2,0,2,545.2,1435.2,1.64,11.74,2,0
3525,3,1476076,164,2,2,2,0,10192.1,10193.8,-6.28,-5.46,2,0
3526,4,1476240,164,17,17,14,3,507.0,11439.1,-39.32,61.43,7,10
3527,5,1476404,164,0,0,0,0,0.0,0.0,0.00,0.00,0,0
3528,6,1476568,164,2,2,2,0,4398.7,11487.9,-4.91,109.41,1,1
3529,7,1476732,164,18,18,10,8,354.5,10718.8,-67.44,53.24,3,15
3530,8,1476896,164,17,17,7,10,476.6,10822.0,-41.50,22.39,5,12
3531,9,1477060,164,1,1,0,1,1149.3,1149.3,-1.37,-1.37,1,0
3532,10,1477224,164,4,4,1,3,2087.8,2681.7,-9.28,1.09,1,3
3533,11,1477388,164,5,5,2,3,377.0,4817.2,-1.09,29.49,1,4
3534,12,1477552,164,2,2,2,0,3328.6,4792.6,1.37,29.49,2,0
3535,13,1477716,164,2,2,2,0,5148.4,5201.1,-3.82,104.07,2,0
3536,14,1477880,164,3,3,3,0,4991.1,5202.2,-3.00,104.07,3,0
3537,15,1478044,164,3,3,0,3,1171.2,2324.6,-14.20,-1.09,1,2
3538,16,1478208,164,2,2,2,0,3545.2,3570.4,-0.82,1.37,0,2
3539,0,1478372,164,0,0,0,0,0.0,0.0,0.00,0.00,0,0
3540,1,1478536,164,2,2,0,2,541.7,1407.6,1.91,11.47,2,0
3541,2,1478700,164,1,1,1,0,1409.5,1409.5,11.47,11.47,1,0
3542,3,1478864,164,3,3,3,0,1770.8,10197.3,3.17,7.37,3,0
3543,4,1479028,164,13,13,11,2,1386.6,11438.8,-2.73,41.77,6,7
3544,5,1479192,164,0,0,0,0,0.0,0.0,0.00,0.00,0,0
3545,6,1479356,164,0,0,0,0,0.0,0.0,0.00,0.00,0,0
3546,7,1479520,164,12,12,8,4,310.0,10718.8,-21.02,8.74,3,9
3547,8,1479684,164,9,9,4,5,616.8,10891.3,-63.89,3.55,3,6
3548,9,1479848,164,3,3,0,3,456.0,782.0,-9.28,1.09,0,3
3549,10,1480012,164,3,3,1,2,2280.3,11247.0,-30.85,-1.64,2,1
3550,11,1480176,164,5,5,3,2,378.0,4338.1,-30.03,27.58,4,1
3551,12,1480340,164,2,2,1,1,1056.0,3330.2,-8.46,1.09,2,0
3552,13,1480504,164,3,3,1,2,475.3,5675.5,-3.00,104.07,2,1
3553,14,1480668,164,2,2,2,0,5182.7,5699.3,9.83,104.07,2,0
3554,15,1480832,164,0,0,0,0,0.0,0.0,0.00,0.00,0,0
3555,16,1480996,164,1,1,1,0,4793.6,4793.6,-5.19,-5.19,1,0
3556,0,1481160,164,0,0,0,0,0.0,0.0,0.00,0.00,0,0
3557,1,1481324,164,0,0,0,0,0.0,0.0,0.00,0.00,0,0
3558,2,1481488,164,3,3,0,3,1367.5,1534.8,-0.82,12.01,1,2
3559,3,1481652,164,2,2,1,1,2274.3,10150.8,7.37,20.48,2,0
3560,4,1481816,164,13,13,12,1,1293.3,11438.9,-19.93,38.50,6,7
3561,5,1481980,164,0,0,0,0,0.0,0.0,0.00,0.00,0,0
3562,6,1482144,164,0,0,0,0,0.0,0.0,0.00,0.00,0,0
3563,7,1482308,164,23,23,15,8,979.4,11467.1,-65.53,64.16,5,18
3564,8,1482472,164,16,16,6,10,616.7,10815.9,-58.43,38.50,1,15
3565,9,1482636,164,0,0,0,0,0.0,0.0,0.00,0.00,0,0
3566,10,1482800,164,2,2,0,2,935.7,1003.6,0.82,1.09,0,2
3567,11,1482964,164,3,3,1,2,376.4,3859.4,0.82,25.39,1,2
3568,12,1483128,164,2,2,1,1,1078.0,3571.1,-9.01,-4.64,2,0
3569,13,1483292,164,1,1,1,0,2609.8,2609.8,-1.37,-1.37,1,0
3570,14,1483456,164,2,2,1,1,2054.3,5202.3,-9.28,1.37,1,1
3571,15,1483620,164,0,0,0,0,0.0,0.0,0.00,0.00,0,0
3572,16,1483784,164,2,2,2,0,3547.7,4817.1,-5.19,-1.09,1,1
3573,0,1483948,164,0,0,0,0,0.0,0.0,0.00,0.00,0,0
3574,1,1484112,164,0,0,0,0,0.0,0.0,0.00,0.00,0,0
3575,2,1484276,164,2,2,1,1,1337.5,10696.5,-60.89,12.01,2,0
3576,3,1484440,164,2,2,1,1,906.0,10077.6,2.46,33.04,2,0
3577,4,1484604,164,10,10,7,3,1200.1,11438.8,-66.89,64.16,2,8
3578,5,1484768,164,0,0,0,0,0.0,0.0,0.00,0.00,0,0
3579,6,1484932,164,1,1,1,0,11565.1,11565.1,-4.10,-4.10,1,0
3580,7,1485096,164,18,18,10,8,549.8,11418.8,-40.68,27.03,3,15
3581,8,1485260,164,17,17,5,12,600.9,10772.0,-57.34,21.02,1,16
3582,9,1485424,164,1,1,0,1,1005.2,1005.2,-2.18,-2.18,1,0
3583,10,1485588,164,3,3,1,2,1056.5,3306.7,-4.37,1.64,1,2
3584,11,1485752,164,3,3,1,2,425.4,3400.9,-0.82,58.16,1,2
3585,12,1485916,164,1,1,0,1,1102.8,1102.8,-8.46,-8.46,1,0
3586,13,1486080,164,2,2,2,0,3593.6,5269.4,-5.73,-1.37,1,1
3587,14,1486244,164,1,1,0,1,2063.0,2063.0,-0.82,-0.82,0,1
3588,15,1486408,164,0,0,0,0,0.0,0.0,0.00,0.00,0,0
3589,16,1486572,164,1,1,1,0,4839.2,4839.2,-7.92,-7.92,1,0
3590,0,1486736,164,0,0,0,0,0.0,0.0,0.00,0.00,0,0
3591,1,1486900,164,0,0,0,0,0.0,0.0,0.00,0.00,0,0
3592,2,1487064,164,2,2,0,2,1297.8,2160.8,3.28,11.74,2,0
3593,3,1487228,164,1,1,1,0,9973.4,9973.4,46.42,46.42,1,0
3594,4,1487392,164,19,19,15,4,507.4,11439.1,-45.87,38.23,4,15
3595,5,1487556,164,1,1,0,1,739.8,739.8,-0.82,-0.82,0,1
3596,6,1487720,164,1,1,1,0,5683.6,5683.6,-4.10,-4.10,1,0
3597,7,1487884,164,15,15,9,6,955.7,11441.8,-39.32,50.78,3,12
3598,8,1488048,164,17,17,6,11,600.8,10777.1,-56.25,55.43,5,12
3599,9,1488212,164,2,2,1,1,1290.9,5924.9,-54.61,-1.09,0,2
3600,10,1488376,164,1,1,1,0,2970.0,2970.0,21.30,21.30,1,0
3601,11,1488540,164,6,6,3,3,375.6,4863.7,-1.37,21.30,2,4
3602,12,1488704,164,3,3,2,1,1125.0,3353.7,-8.46,1.37,3,0
3603,13,1488868,164,1,1,1,0,3353.7,3353.7,1.37,1.37,1,0
3604,14,1489032,164,1,1,1,0,5197.9,5197.9,6.01,6.01,1,0
3605,15,1489196,164,0,0,0,0,0.0,0.0,0.00,0.00,0,0
3606,16,1489360,164,1,1,0,1,1675.7,1675.7,1.37,1.37,0,1
3607,0,1489524,164,0,0,0,0,0.0,0.0,0.00,0.00,0,0
3608,1,1489688,164,0,0,0,0,0.0,0.0,0.00,0.00,0,0
3609,2,1489852,164,2,2,0,2,1267.5,1270.0,12.01,12.01,2,0
3610,3,1490016,164,0,0,0,0,0.0,0.0,0.00,0.00,0,0
3611,4,1490180,164,16,16,12,4,502.3,11439.3,-49.15,2.46,6,10
3612,5,1490344,164,0,0,0,0,0.0,0.0,0.00,0.00,0,0
3613,6,1490508,164,0,0,0,0,0.0,0.0,0.00,0.00,0,0
3614,7,1490672,164,12,12,6,6,549.3,10718.8,-34.68,35.77,0,12
3615,8,1490836,164,13,13,6,7,526.8,10823.6,-55.43,29.49,3,10
3616,9,1491000,164,4,4,2,2,1007.7,9016.5,-0.82,13.92,2,2
3617,10,1491164,164,2,2,1,1,953.3,5302.0,-6.01,0.82,1,1
3618,11,1491328,164,6,6,4,2,381.6,7891.8,-44.34,19.11,4,2
3619,12,1491492,164,0,0,0,0,0.0,0.0,0.00,0.00,0,0
3620,13,1491656,164,1,1,1,0,5035.4,5035.4,0.82,0.82,1,0
3621,14,1491820,164,1,1,1,0,5083.0,5083.0,-3.00,-3.00,1,0
3622,15,1491984,164,1,1,0,1,2203.5,2203.5,-3.28,-3.28,0,1
3623,16,1492148,164,2,2,2,0,2489.8,3521.0,-7.92,1.09,1,1
3624,0,1492312,164,0,0,0,0,0.0,0.0,0.00,0.00,0,0
3625,1,1492476,164,0,0,0,0,0.0,0.0,0.00,0.00,0,0
3626,2,1492640,164,1,1,0,1,1239.6,1239.6,12.01,12.01,1,0
3627,3,1492804,164,0,0,0,0,0.0,0.0,0.00,0.00,0,0
3628,4,1492968,164,18,18,15,3,1320.1,11439.1,-22.66,43.14,4,14
3629,5,1493132,164,0,0,0,0,0.0,0.0,0.00,0.00,0,0
3630,6,1493296,164,3,3,3,0,4314.4,5704.6,-5.19,1.09,3,0
3631,7,1493460,164,12,12,10,2,546.9,11438.9,-68.81,22.39,5,7
3632,8,1493624,164,13,13,6,7,404.5,10818.0,-54.06,69.35,1,12
3633,9,1493788,164,1,1,0,1,2232.8,2232.8,2.46,2.46,0,1
3634,10,1493952,164,3,3,2,1,979.7,7479.1,-45.92,17.20,2,1
3635,11,1494116,164,8,8,5,3,378.3,7457.3,-50.78,17.20,3,5
3636,12,1494280,164,1,1,0,1,1466.2,1466.2,-1.09,-1.09,0,1
3637,13,1494444,164,1,1,1,0,5085.1,5085.1,-4.64,-4.64,1,0
3638,14,1494608,164,3,3,3,0,4867.6,5518.1,-10.65,6.28,3,0
3639,15,1494772,164,2,2,1,1,2152.0,5535.1,-10.10,1.09,1,1
3640,16,1494936,164,2,2,1,1,1367.0,3257.5,-6.33,1.37,1,1
3641,0,1495100,164,0,0,0,0,0.0,0.0,0.00,0.00,0,0
3642,1,1495264,164,0,0,0,0,0.0,0.0,0.00,0.00,0,0
3643,2,1495428,164,1,1,0,1,1198.9,1198.9,12.01,12.01,1,0
3644,3,1495592,164,1,1,1,0,9430.0,9430.0,-58.43,-58.43,1,0
3645,4,1495756,164,17,17,16,1,1318.2,11439.0,-61.71,33.04,7,10
3646,5,1495920,164,1,1,1,0,4314.7,4314.7,0.82,0.82,0,1
3647,6,1496084,164,2,2,2,0,5726.9,5728.9,-7.10,-7.10,2,0
3648,7,1496248,164,15,15,8,7,689.7,10718.7,-40.41,69.90,3,12
3649,8,1496412,164,12,12,3,9,523.8,10816.6,-46.42,69.35,2,10
3650,9,1496576,164,1,1,0,1,1002.2,1002.2,1.09,1.09,0,1
3651,10,1496740,164,3,3,3,0,1649.5,7027.4,-47.51,15.02,2,1
3652,11,1496904,164,4,4,3,1,1625.6,7002.4,-47.51,15.02,3,1
3653,12,1497068,164,1,1,1,0,4963.6,4963.6,1.37,1.37,1,0
3654,13,1497232,164,1,1,0,1,1196.5,1196.5,-7.65,-7.65,1,0
3655,14,1497396,164,3,3,2,1,1606.4,5084.9,1.09,12.29,2,1
3656,15,1497560,164,0,0,0,0,0.0,0.0,0.00,0.00,0,0
3657,16,1497724,164,0,0,0,0,0.0,0.0,0.00,0.00,0,0
3658,0,1497888,164,0,0,0,0,0.0,0.0,0.00,0.00,0,0
3659,1,1498052,164,1,1,0,1,1170.0,1170.0,12.01,12.01,1,0
3660,2,1498216,164,1,1,0,1,1170.5,1170.5,12.01,12.01,1,0
3661,3,1498380,164,0,0,0,0,0.0,0.0,0.00,0.00,0,0
3662,4,1498544,164,15,15,14,1,1313.8,11438.9,-46.69,49.97,5,10
3663,5,1498708,164,0,0,0,0,0.0,0.0,0.00,0.00,0,0
3664,6,1498872,164,2,2,2,0,6334.4,6470.3,2.46,3.55,2,0
3665,7,1499036,164,14,14,10,4,1706.1,11444.7,-41.77,55.70,2,12
3666,8,1499200,164,18,18,6,12,602.2,10815.6,-53.79,33.58,1,17
3667,9,1499364,164,3,3,1,2,1006.5,2394.7,-4.10,-0.82,1,2
3668,10,1499528,164,1,1,1,0,3784.7,3784.7,-4.10,-4.10,1,0
3669,11,1499692,164,2,2,1,1,1196.0,4967.4,3.28,13.65,2,0
3670,12,1499856,164,2,2,2,0,3929.2,8132.0,-1.09,67.44,2,0
3671,13,1500020,164,3,3,2,1,1223.3,5082.9,-7.65,-1.09,3,0
3672,14,1500184,164,5,5,4,1,2107.9,5129.5,-9.01,8.46,4,1
3673,15,1500348,164,3,3,0,3,617.7,2156.9,0.82,4.64,0,3
3674,16,1500512,164,2,2,1,1,1897.5,5993.5,-54.30,1.37,1,1
3675,0,1500676,164,1,1,1,0,8853.1,8853.1,3.28,3.28,1,0
3676,1,1500840,164,1,1,0,1,1130.9,1130.9,11.74,11.74,1,0
3677,2,1501004,164,2,2,0,2,836.0,1129.8,0.82,12.01,1,1
3678,3,1501168,164,1,1,1,0,12619.7,12619.7,-14.20,-14.20,1,0
3679,4,1501332,164,20,20,18,2,1315.8,11438.9,-65.80,40.68,8,12
3680,5,1501496,164,0,0,0,0,0.0,0.0,0.00,0.00,0,0
3681,6,1501660,164,2,2,2,0,4936.5,6524.2,1.09,4.10,2,0
3682,7,1501824,164,7,7,5,2,541.7,10718.6,-1.09,8.19,1,6
3683,8,1501988,164,15,15,5,10,617.5,10815.1,-65.53,3.00,3,12
3684,9,1502152,164,4,4,0,4,786.6,1368.1,-3.82,1.37,2,2
3685,10,1502316,164,4,4,1,3,787.1,6163.5,-52.26,11.19,2,2
3686,11,1502480,164,5,5,2,3,979.2,6138.9,-52.26,1.37,2,3
3687,12,1502644,164,1,1,1,0,4869.1,4869.1,-2.46,-2.46,1,0
3688,13,1502808,164,3,3,1,2,1246.8,5109.1,-8.74,1.09,2,1
3689,14,1502972,164,3,3,3,0,4530.6,5106.1,-2.18,22.39,3,0
3690,15,1503136,164,2,2,0,2,1125.3,1176.6,1.09,1.37,0,2
3691,16,1503300,164,1,1,1,0,10580.2,10580.2,60.34,60.34,0,1
3692,0,1503464,164,0,0,0,0,0.0,0.0,0.00,0.00,0,0
3693,1,1503628,164,1,1,0,1,1101.3,1101.3,11.74,11.74,1,0
3694,2,1503792,164,1,1,0,1,1100.8,1100.8,12.01,12.01,1,0
3695,3,1503956,164,1,1,0,1,834.3,834.3,10.10,10.10,1,0
3696,4,1504120,164,18,18,15,3,449.9,11439.2,-45.87,49.69,6,12
3697,5,1504284,164,0,0,0,0,0.0,0.0,0.00,0.00,0,0
3698,6,1504448,164,2,2,2,0,2104.9,4916.0,-4.10,2.46,2,0
3699,7,1504612,164,8,8,7,1,1772.6,10718.6,-6.28,0.82,2,6
3700,8,1504776,164,15,15,8,7,601.2,10813.5,-1.37,40.96,1,14
3701,9,1504940,164,0,0,0,0,0.0,0.0,0.00,0.00,0,0
3702,10,1505104,164,4,4,3,1,1023.6,5736.5,-53.84,7.37,2,2
3703,11,1505268,164,5,5,2,3,961.0,5725.9,-53.84,1.09,1,4
3704,12,1505432,164,1,1,0,1,1587.4,1587.4,1.37,1.37,0,1
3705,13,1505596,164,2,2,2,0,5035.5,5293.5,-3.00,1.09,2,0
3706,14,1505760,164,3,3,3,0,3261.5,5109.4,5.46,12.67,3,0
3707,15,1505924,164,1,1,0,1,2182.2,2182.2,1.09,1.09,0,1
3708,16,1506088,164,1,1,0,1,1127.6,1127.6,-2.18,-2.18,0,1
3709,0,1506252,164,0,0,0,0,0.0,0.0,0.00,0.00,0,0
3710,1,1506416,164,1,1,0,1,1073.3,1073.3,11.74,11.74,1,0
3711,2,1506580,164,1,1,0,1,1071.9,1071.9,12.01,12.01,1,0
3712,3,1506744,164,1,1,0,1,809.9,809.9,10.92,10.92,1,0
3713,4,1506908,164,16,16,13,3,1338.8,11439.3,-40.14,33.04,6,10
3714,5,1507072,164,1,1,0,1,1436.9,1436.9,0.82,0.82,0,1
3715,6,1507236,164,0,0,0,0,0.0,0.0,0.00,0.00,0,0
3716,7,1507400,164,12,12,6,6,864.8,10718.5,-41.77,58.98,2,10
3717,8,1507564,164,14,14,4,10,617.8,10774.4,-64.16,55.43,0,14
3718,9,1507728,164,4,4,2,2,1369.1,5875.7,-5.19,4.64,1,3
3719,10,1507892,164,2,2,2,0,3833.2,5323.4,-55.43,6.28,1,1
3720,11,1508056,164,3,3,1,2,382.7,2803.0,1.09,12.01,1,2
3721,12,1508220,164,1,1,1,0,2346.2,2346.2,-4.10,-4.10,1,0
3722,13,1508384,164,3,3,2,1,2059.6,3782.6,-1.37,12.67,3,0
3723,14,1508548,164,1,1,1,0,3809.7,3809.7,12.67,12.67,1,0
3724,15,1508712,164,0,0,0,0,0.0,0.0,0.00,0.00,0,0
3725,16,1508876,164,0,0,0,0,0.0,0.0,0.00,0.00,0,0
3726,0,1509040,164,0,0,0,0,0.0,0.0,0.00,0.00,0,0
3727,1,1509204,164,2,2,0,2,1033.3,1316.7,0.82,11.74,1,1
3728,2,1509368,164,1,1,0,1,1031.7,1031.7,12.01,12.01,1,0
3729,3,1509532,164,0,0,0,0,0.0,0.0,0.00,0.00,0,0
3730,4,1509696,164,14,14,11,3,500.8,11439.1,-18.57,51.33,6,8
3731,5,1509860,164,0,0,0,0,0.0,0.0,0.00,0.00,0,0
3732,6,1510024,164,0,0,0,0,0.0,0.0,0.00,0.00,0,0
3733,7,1510188,164,15,15,8,7,842.6,10718.7,-59.25,25.67,1,14
3734,8,1510352,164,15,15,6,9,601.0,10770.8,-61.98,58.16,3,12
3735,9,1510516,164,5,5,1,4,913.7,2514.7,-0.82,5.73,1,4
3736,10,1510680,164,2,2,2,0,3400.6,4913.6,-58.59,-4.37,2,0
3737,11,1510844,164,3,3,3,0,3282.6,4963.4,-2.73,2.46,3,0
3738,12,1511008,164,1,1,0,1,2010.0,2010.0,1.91,1.91,1,0
3739,13,1511172,164,2,2,1,1,1509.8,4317.2,1.37,11.09,1,1
3740,14,1511336,164,3,3,3,0,4343.4,5134.7,-6.83,11.09,3,0
3741,15,1511500,164,0,0,0,0,0.0,0.0,0.00,0.00,0,0
3742,16,1511664,164,3,3,3,0,4769.8,4890.8,-4.10,-2.46,3,0
3743,0,1511828,164,0,0,0,0,0.0,0.0,0.00,0.00,0,0
3744,1,1511992,164,1,1,0,1,1003.3,1003.3,11.74,11.74,1,0
3745,2,1512156,164,1,1,0,1,1002.6,1002.6,12.01,12.01,1,0
3746,3,1512320,164,1,1,1,0,3402.6,3402.6,8.19,8.19,1,0
3747,4,1512484,164,10,10,8,2,1341.5,11439.1,-8.19,54.61,5,5
3748,5,1512648,164,0,0,0,0,0.0,0.0,0.00,0.00,0,0
3749,6,1512812,164,4,4,4,0,2226.6,6473.4,2.73,7.10,3,1
3750,7,1512976,164,14,14,9,5,858.7,10718.7,-0.82,61.43,3,11
3751,8,1513140,164,16,16,10,6,600.1,10819.7,-67.71,57.88,9,7
3752,9,1513304,164,1,1,0,1,842.6,842.6,1.09,1.09,0,1
3753,10,1513468,164,3,3,3,0,3809.2,4624.8,-60.18,7.10,3,0
3754,11,1513632,164,4,4,2,2,382.8,4892.5,-1.09,4.10,1,3
3755,12,1513796,164,1,1,1,0,7916.0,7916.0,-45.05,-45.05,1,0
3756,13,1513960,164,2,2,1,1,475.4,4860.5,1.09,11.09,1,1
3757,14,1514124,164,3,3,3,0,5126.1,5175.8,-13.38,-9.01,3,0
3758,15,1514288,164,0,0,0,0,0.0,0.0,0.00,0.00,0,0
3759,16,1514452,164,1,1,1,0,4841.0,4841.0,-3.28,-3.28,1,0
3760,0,1514616,164,0,0,0,0,0.0,0.0,0.00,0.00,0,0
3761,1,1514780,164,1,1,0,1,975.7,975.7,11.74,11.74,1,0
3762,2,1514944,164,2,2,1,1,962.2,2369.7,3.28,12.01,2,0
3763,3,1515108,164,0,0,0,0,0.0,0.0,0.00,0.00,0,0
3764,4,1515272,164,20,20,19,1,1390.7,11439.0,-65.26,61.71,8,12
3765,5,1515436,164,0,0,0,0,0.0,0.0,0.00,0.00,0,0
3766,6,1515600,164,2,2,1,1,1269.9,2224.8,0.82,5.73,2,0
3767,7,1515764,164,12,12,6,6,859.9,10718.7,-42.59,47.51,1,11
3768,8,1515928,164,13,13,6,7,601.6,10816.4,-1.64,48.33,1,12
3769,9,1516092,164,2,2,2,0,4266.4,5805.3,2.46,3.82,1,1
3770,10,1516256,164,5,5,3,2,1273.5,4603.8,-61.76,6.83,4,1
3771,11,1516420,164,4,4,2,2,448.3,4937.0,-7.37,3.28,2,2
3772,12,1516584,164,1,1,1,0,3929.2,3929.2,0.82,0.82,1,0
3773,13,1516748,164,2,2,1,1,2323.8,5393.8,4.37,11.09,2,0
3774,14,1516912,164,4,4,4,0,5131.2,5417.7,8.74,13.38,4,0
3775,15,1517076,164,0,0,0,0,0.0,0.0,0.00,0.00,0,0
3776,16,1517240,164,1,1,1,0,4846.1,4846.1,-2.73,-2.73,1,0
3777,0,1517404,164,0,0,0,0,0.0,0.0,0.00,0.00,0,0
3778,1,1517568,164,2,2,0,2,934.8,1893.9,0.82,11.74,1,1
3779,2,1517732,164,1,1,0,1,933.0,933.0,12.01,12.01,1,0
3780,3,1517896,164,0,0,0,0,0.0,0.0,0.00,0.00,0,0
3781,4,1518060,164,19,19,17,2,1336.2,11439.0,-65.80,58.98,6,13
3782,5,1518224,164,0,0,0,0,0.0,0.0,0.00,0.00,0,0
3783,6,1518388,164,1,1,1,0,4867.5,4867.5,6.01,6.01,1,0
3784,7,1518552,164,11,11,5,6,694.7,10718.7,-9.83,64.16,1,10
3785,8,1518716,164,15,15,5,10,552.8,10767.0,-64.98,49.42,1,14
3786,9,1518880,164,1,1,1,0,3740.0,3740.0,-61.76,-61.76,1,0
3787,10,1519044,164,3,3,2,1,1269.2,4577.3,-63.34,7.37,2,1
3788,11,1519208,164,4,4,1,3,454.6,4958.1,-5.46,8.19,2,2
3789,12,1519372,164,0,0,0,0,0.0,0.0,0.00,0.00,0,0
3790,13,1519536,164,3,3,3,0,5106.9,12524.9,-52.15,11.09,3,0
3791,14,1519700,164,1,1,0,1,1650.8,1650.8,-1.09,-1.09,0,1
3792,15,1519864,164,1,1,0,1,2232.9,2232.9,-1.37,-1.37,0,1
3793,16,1520028,164,1,1,1,0,4746.1,4746.1,-9.56,-9.56,1,0
3794,0,1520192,164,0,0,0,0,0.0,0.0,0.00,0.00,0,0
3795,1,1520356,164,3,3,1,2,902.8,2346.3,4.10,11.74,3,0
3796,2,1520520,164,3,3,0,3,903.2,1870.0,0.82,11.74,2,1
3797,3,1520684,164,0,0,0,0,0.0,0.0,0.00,0.00,0,0
3798,4,1520848,164,15,15,11,4,1314.8,11439.5,-28.94,28.12,5,10
3799,5,1521012,164,0,0,0,0,0.0,0.0,0.00,0.00,0,0
3800,6,1521176,164,0,0,0,0,0.0,0.0,0.00,0.00,0,0
3801,7,1521340,164,13,13,9,4,1728.4,10817.9,-37.41,57.06,1,12
3802,8,1521504,164,15,15,5,10,617.6,10769.9,-57.06,25.67,1,14
3803,9,1521668,164,2,2,2,0,3334.1,6445.4,-63.34,-1.09,2,0
3804,10,1521832,164,4,4,2,2,788.7,4554.1,-63.34,5.73,2,2
3805,11,1521996,164,7,7,3,4,447.4,5013.4,-66.89,8.19,3,4
3806,12,1522160,164,1,1,0,1,865.0,865.0,11.52,11.52,1,0
3807,13,1522324,164,1,1,1,0,6478.5,6478.5,9.50,9.50,1,0
3808,14,1522488,164,3,3,3,0,2538.5,6518.2,-2.18,11.09,3,0
3809,15,1522652,164,2,2,0,2,573.6,2248.9,-1.37,2.18,0,2
3810,16,1522816,164,1,1,1,0,4889.1,4889.1,-2.46,-2.46,1,0
3811,0,1522980,164,0,0,0,0,0.0,0.0,0.00,0.00,0,0
3812,1,1523144,164,2,2,0,2,863.0,864.5,11.74,12.01,2,0
3813,2,1523308,164,2,2,0,2,863.4,863.9,12.01,12.01,2,0
3814,3,1523472,164,0,0,0,0,0.0,0.0,0.00,0.00,0,0
3815,4,1523636,164,18,18,14,4,1333.4,11439.4,-55.97,66.89,7,11
3816,5,1523800,164,1,1,1,0,4962.8,4962.8,1.37,1.37,1,0
3817,6,1523964,164,1,1,0,1,2228.8,2228.8,12.83,12.83,1,0
3818,7,1524128,164,14,14,6,8,692.5,9498.8,-4.64,60.07,1,13
3819,8,1524292,164,12,12,6,6,498.9,10820.7,-67.99,54.88,1,11
3820,9,1524456,164,4,4,1,3,807.9,2946.3,-64.93,1.37,1,3
3821,10,1524620,164,3,3,2,1,936.2,3378.5,-64.93,1.64,3,0
3822,11,1524784,164,5,5,1,4,434.4,4960.9,-3.55,1.37,2,3
3823,12,1524948,164,0,0,0,0,0.0,0.0,0.00,0.00,0,0
3824,13,1525112,164,1,1,0,1,811.1,811.1,-11.52,-11.52,1,0
3825,14,1525276,164,3,3,2,1,2152.8,5103.7,-1.91,4.64,2,1
3826,15,1525440,164,0,0,0,0,0.0,0.0,0.00,0.00,0,0
3827,16,1525604,164,1,1,1,0,4676.3,4676.3,-2.18,-2.18,1,0
3828,0,1525768,164,0,0,0,0,0.0,0.0,0.00,0.00,0,0
3829,1,1525932,164,2,2,0,2,834.7,835.7,11.74,12.01,2,0
3830,2,1526096,164,2,2,0,2,834.1,834.8,12.01,12.01,2,0
3831,3,1526260,164,0,0,0,0,0.0,0.0,0.00,0.00,0,0
3832,4,1526424,164,15,15,11,4,451.6,11439.4,-50.24,12.83,7,8
3833,5,1526588,164,0,0,0,0,0.0,0.0,0.00,0.00,0,0
3834,6,1526752,164,1,1,1,0,4816.7,4816.7,3.28,3.28,1,0
3835,7,1526916,164,9,9,8,1,842.7,11273.8,-0.82,32.76,2,7
3836,8,1527080,164,16,16,6,10,617.7,10768.9,-68.53,59.80,1,15
3837,9,1527244,164,4,4,1,3,1345.9,2562.5,-66.51,2.18,2,2
3838,10,1527408,164,1,1,1,0,2539.4,2539.4,-66.51,-66.51,1,0
3839,11,1527572,164,6,6,1,5,450.1,4959.4,-2.73,4.37,3,3
3840,12,1527736,164,0,0,0,0,0.0,0.0,0.00,0.00,0,0
3841,13,1527900,164,1,1,1,0,7559.1,7559.1,9.50,9.50,1,0
3842,14,1528064,164,3,3,3,0,2537.6,7597.1,-5.19,9.50,3,0
3843,15,1528228,164,0,0,0,0,0.0,0.0,0.00,0.00,0,0
3844,16,1528392,164,0,0,0,0,0.0,0.0,0.00,0.00,0,0
3845,0,1528556,164,0,0,0,0,0.0,0.0,0.00,0.00,0,0
3846,1,1528720,164,3,3,0,3,795.2,1895.8,-0.82,12.01,2,1
3847,2,1528884,164,5,5,0,5,794.3,1484.0,-1.37,12.01,2,3
3848,3,1529048,164,0,0,0,0,0.0,0.0,0.00,0.00,0,0
3849,4,1529212,164,10,10,7,3,1290.2,11439.5,-66.08,64.16,4,6
3850,5,1529376,164,1,1,1,0,4771.9,4771.9,3.82,3.82,1,0
3851,6,1529540,164,1,1,1,0,4865.0,4865.0,-1.09,-1.09,1,0
3852,7,1529704,164,15,15,9,6,1432.2,10717.5,-68.81,58.98,2,13
3853,8,1529868,164,11,11,4,7,615.0,10769.7,-65.26,22.39,3,8
3854,9,1530032,164,4,4,2,2,2108.8,5801.2,-66.51,135.74,3,1
3855,10,1530196,164,2,2,2,0,2154.2,5780.9,-68.10,135.74,2,0
3856,11,1530360,164,3,3,0,3,385.2,1558.7,-3.00,3.82,1,2
3857,12,1530524,164,0,0,0,0,0.0,0.0,0.00,0.00,0,0
3858,13,1530688,164,1,1,1,0,6495.6,6495.6,-48.87,-48.87,1,0
3859,14,1530852,164,5,5,3,2,1719.5,8227.1,-15.56,40.41,3,2
3860,15,1531016,164,0,0,0,0,0.0,0.0,0.00,0.00,0,0
3861,16,1531180,164,1,1,1,0,3282.3,3282.3,-1.09,-1.09,0,1
3862,0,1531344,164,0,0,0,0,0.0,0.0,0.00,0.00,0,0
3863,1,1531508,164,2,2,0,2,766.5,767.0,12.01,12.01,2,0
3864,2,1531672,164,4,4,0,4,765.3,1510.7,-0.82,12.01,2,2
3865,3,1531836,164,0,0,0,0,0.0,0.0,0.00,0.00,0,0
3866,4,1532000,164,15,15,13,2,1337.0,11439.6,-66.35,44.78,5,10
3867,5,1532164,164,0,0,0,0,0.0,0.0,0.00,0.00,0,0
3868,6,1532328,164,0,0,0,0,0.0,0.0,0.00,0.00,0,0
3869,7,1532492,164,11,11,6,5,645.4,10717.3,-16.66,35.49,0,11
3870,8,1532656,164,9,9,4,5,617.3,6928.8,-51.33,34.95,2,7
3871,9,1532820,164,6,6,2,4,1030.3,5415.2,-68.10,22.62,2,4
3872,10,1532984,164,5,5,3,2,495.9,5273.6,-68.10,47.24,4,1
3873,11,1533148,164,1,1,1,0,4890.9,4890.9,0.82,0.82,1,0
3874,12,1533312,164,0,0,0,0,0.0,0.0,0.00,0.00,0,0
3875,13,1533476,164,2,2,1,1,1316.3,8658.0,0.82,9.50,1,1
3876,14,1533640,164,3,3,2,1,1718.8,8676.3,-4.64,9.50,2,1
3877,15,1533804,164,2,2,1,1,1314.6,5318.9,-3.17,47.51,2,0
3878,16,1533968,164,0,0,0,0,0.0,0.0,0.00,0.00,0,0
3879,0,1534132,164,1,1,1,0,4400.7,4400.7,172.76,172.76,1,0
3880,1,1534296,164,2,2,0,2,736.8,738.7,12.01,12.01,2,0
3881,2,1534460,164,2,2,0,2,736.0,736.4,12.01,12.01,2,0
3882,3,1534624,164,0,0,0,0,0.0,0.0,0.00,0.00,0,0
3883,4,1534788,164,13,13,8,5,453.0,11439.4,-20.48,23.75,5,8
3884,5,1534952,164,1,1,1,0,4769.3,4769.3,3.82,3.82,1,0
3885,6,1535116,164,1,1,0,1,2061.9,2061.9,34.95,34.95,1,0
3886,7,1535280,164,15,15,7,8,550.3,11463.3,-67.17,5.19,1,14
3887,8,1535444,164,14,14,6,8,620.1,10772.7,-1.64,31.13,2,12
3888,9,1535608,164,6,6,2,4,963.6,5035.6,-69.68,20.59,3,3
3889,10,1535772,164,2,2,1,1,1383.5,5297.3,-7.65,-1.37,2,0
3890,11,1535936,164,2,2,0,2,2020.0,2153.4,-10.65,-2.73,1,1
3891,12,1536100,164,1,1,0,1,1057.2,1057.2,-1.09,-1.09,0,1
3892,13,1536264,164,1,1,1,0,5226.6,5226.6,-1.64,-1.64,1,0
3893,14,1536428,164,3,3,2,1,1770.7,5200.0,-5.19,4.91,2,1
3894,15,1536592,164,1,1,0,1,1336.1,1336.1,-4.75,-4.75,1,0
3895,16,1536756,164,0,0,0,0,0.0,0.0,0.00,0.00,0,0
3896,0,1536920,164,1,1,1,0,8749.8,8749.8,-4.91,-4.91,1,0
3897,1,1537084,164,3,3,1,2,696.9,2275.2,4.10,11.74,3,0
3898,2,1537248,164,2,2,0,2,695.8,696.2,11.74,11.74,2,0
3899,3,1537412,164,0,0,0,0,0.0,0.0,0.00,0.00,0,0
3900,4,1537576,164,9,9,7,2,1339.3,11439.4,-14.74,1.64,1,8
3901,5,1537740,164,1,1,1,0,4912.8,4912.8,2.18,2.18,1,0
3902,6,1537904,164,2,2,2,0,6089.3,11465.6,-10.10,3.28,1,1
3903,7,1538068,164,9,9,5,4,643.9,10718.0,-1.09,15.56,1,8
3904,8,1538232,164,22,22,10,12,549.7,10768.3,-69.68,131.21,7,15
3905,9,1538396,164,3,3,2,1,1055.8,5128.0,-69.68,131.21,3,0
3906,10,1538560,164,1,1,1,0,5301.0,5301.0,8.19,8.19,1,0
3907,11,1538724,164,1,1,0,1,359.6,359.6,-3.82,-3.82,0,1
3908,12,1538888,164,0,0,0,0,0.0,0.0,0.00,0.00,0,0
3909,13,1539052,164,1,1,1,0,3065.5,3065.5,3.55,3.55,1,0
3910,14,1539216,164,5,5,3,2,1150.4,8729.1,-7.65,53.52,4,1
3911,15,1539380,164,1,1,0,1,1338.9,1338.9,-3.17,-3.17,1,0
3912,16,1539544,164,0,0,0,0,0.0,0.0,0.00,0.00,0,0
3913,0,1539708,164,0,0,0,0,0.0,0.0,0.00,0.00,0,0
3914,1,1539872,164,2,2,0,2,667.6,668.2,11.74,11.74,2,0
3915,2,1540036,164,2,2,0,2,666.9,667.5,11.74,11.74,2,0
3916,3,1540200,164,0,0,0,0,0.0,0.0,0.00,0.00,0,0
3917,4,1540364,164,16,16,13,3,1318.6,11439.7,-61.16,66.62,8,8
3918,5,1540528,164,0,0,0,0,0.0,0.0,0.00,0.00,0,0
3919,6,1540692,164,1,1,1,0,6115.0,6115.0,-10.38,-10.38,1,0
3920,7,1540856,164,15,15,6,9,357.1,10718.1,-53.79,67.44,2,13
3921,8,1541020,164,17,17,8,9,601.1,10866.3,-68.53,131.21,3,14
3922,9,1541184,164,3,3,3,0,4265.6,4531.7,-4.64,36.20,2,1
3923,10,1541348,164,2,2,2,0,3763.3,5202.8,-10.38,-6.83,2,0
3924,11,1541512,164,2,2,2,0,2704.6,4815.9,1.09,2.18,1,1
3925,12,1541676,164,1,1,1,0,3931.0,3931.0,1.09,1.09,1,0
3926,13,1541840,164,2,2,1,1,1560.8,2683.2,-1.09,1.37,1,1
3927,14,1542004,164,5,5,4,1,1171.8,5179.0,-6.55,3.55,4,1
3928,15,1542168,164,0,0,0,0,0.0,0.0,0.00,0.00,0,0
3929,16,1542332,164,2,2,2,0,3162.4,3162.7,1.09,1.37,1,1
3930,0,1542496,164,0,0,0,0,0.0,0.0,0.00,0.00,0,0
3931,1,1542660,164,3,3,1,2,639.8,2250.0,4.64,11.74,3,0
3932,2,1542824,164,2,2,0,2,626.7,627.0,11.74,11.74,2,0
3933,3,1542988,164,1,1,1,0,8997.5,8997.5,8.19,8.19,0,1
3934,4,1543152,164,18,18,16,2,1321.8,11439.3,-61.43,40.14,4,14
3935,5,1543316,164,0,0,0,0,0.0,0.0,0.00,0.00,0,0
3936,6,1543480,164,1,1,1,0,11464.2,11464.2,-6.01,-6.01,0,1
3937,7,1543644,164,10,10,9,1,1749.4,10718.1,-61.43,19.93,5,5
3938,8,1543808,164,18,18,8,10,601.9,10816.1,-55.97,131.21,5,13
3939,9,1543972,164,0,0,0,0,0.0,0.0,0.00,0.00,0,0
3940,10,1544136,164,3,3,0,3,501.0,1361.6,-3.00,1.64,1,2
3941,11,1544300,164,6,6,3,3,356.2,4963.5,-4.10,7.92,2,4
3942,12,1544464,164,1,1,1,0,5221.5,5221.5,-0.82,-0.82,1,0
3943,13,1544628,164,0,0,0,0,0.0,0.0,0.00,0.00,0,0
3944,14,1544792,164,3,3,2,1,1839.2,5197.9,-9.56,-4.91,2,1
3945,15,1544956,164,1,1,1,0,6882.8,6882.8,11.74,11.74,1,0
3946,16,1545120,164,0,0,0,0,0.0,0.0,0.00,0.00,0,0
3947,0,1545284,164,2,2,2,0,9356.9,9357.7,-7.92,-7.92,2,0
3948,1,1545448,164,2,2,0,2,598.7,599.0,11.74,11.74,2,0
3949,2,1545612,164,3,3,1,2,597.0,2754.5,2.18,11.74,3,0
3950,3,1545776,164,0,0,0,0,0.0,0.0,0.00,0.00,0,0
3951,4,1545940,164,10,10,7,3,1292.8,11439.1,-1.64,1.91,3,7
3952,5,1546104,164,0,0,0,0,0.0,0.0,0.00,0.00,0,0
3953,6,1546268,164,0,0,0,0,0.0,0.0,0.00,0.00,0,0
3954,7,1546432,164,17,17,9,8,957.3,11442.0,-61.43,49.15,2,15
3955,8,1546596,164,18,18,9,9,618.2,11032.7,-60.61,69.08,4,14
3956,9,1546760,164,1,1,1,0,4554.9,4554.9,-3.28,-3.28,1,0
3957,10,1546924,164,3,3,2,1,1073.5,5942.2,-4.10,9.01,1,2
3958,11,1547088,164,3,3,0,3,379.9,1537.3,-2.46,7.92,1,2
3959,12,1547252,164,0,0,0,0,0.0,0.0,0.00,0.00,0,0
3960,13,1547416,164,0,0,0,0,0.0,0.0,0.00,0.00,0,0
3961,14,1547580,164,4,4,3,1,908.8,5245.8,-13.65,1.37,4,0
3962,15,1547744,164,0,0,0,0,0.0,0.0,0.00,0.00,0,0
3963,16,1547908,164,3,3,1,2,213.4,2754.8,-0.55,3.55,1,2
3964,0,1548072,164,1,1,1,0,9379.8,9379.8,-8.74,-8.74,1,0
3965,1,1548236,164,2,2,0,2,568.5,1894.1,0.82,12.01,1,1
3966,2,1548400,164,1,1,0,1,567.9,567.9,12.01,12.01,1,0
3967,3,1548564,164,0,0,0,0,0.0,0.0,0.00,0.00,0,0
3968,4,1548728,164,16,16,12,4,449.8,11439.2,-57.34,12.29,6,10
3969,5,1548892,164,1,1,0,1,1293.5,1293.5,49.69,49.69,0,1
3970,6,1549056,164,2,2,1,1,1267.9,11464.1,-0.82,3.28,1,1
3971,7,1549220,164,11,11,8,3,550.7,10744.8,-45.05,3.55,2,9
3972,8,1549384,164,18,18,9,9,602.0,10814.6,-44.23,126.69,5,13
3973,9,1549548,164,2,2,2,0,4265.4,5826.1,-7.65,-1.37,1,1
3974,10,1549712,164,4,4,2,2,1077.7,5270.1,-2.73,6.83,1,3
3975,11,1549876,164,1,1,0,1,355.5,355.5,2.18,2.18,0,1
3976,12,1550040,164,2,2,1,1,2129.8,3041.1,-9.56,-6.01,1,1
3977,13,1550204,164,0,0,0,0,0.0,0.0,0.00,0.00,0,0
3978,14,1550368,164,2,2,2,0,5080.6,5248.7,1.91,3.55,2,0
3979,15,1550532,164,0,0,0,0,0.0,0.0,0.00,0.00,0,0
3980,16,1550696,164,1,1,0,1,1129.0,1129.0,-10.65,-10.65,1,0
3981,0,1550860,164,0,0,0,0,0.0,0.0,0.00,0.00,0,0
3982,1,1551024,164,1,1,0,1,528.5,528.5,11.74,11.74,1,0
3983,2,1551188,164,1,1,0,1,527.9,527.9,11.74,11.74,1,0
3984,3,1551352,164,0,0,0,0,0.0,0.0,0.00,0.00,0,0
3985,4,1551516,164,11,11,8,3,1292.8,11439.2,-58.43,6.55,6,5
3986,5,1551680,164,0,0,0,0,0.0,0.0,0.00,0.00,0,0
3987,6,1551844,164,4,4,3,1,1437.3,11465.2,-28.67,4.37,3,1
3988,7,1552008,164,18,18,11,7,736.9,11467.1,-48.60,126.69,1,17
3989,8,1552172,164,17,17,6,11,499.2,10817.5,-57.06,122.17,3,14
3990,9,1552336,164,2,2,1,1,1108.6,5848.1,-12.29,-9.28,1,1
3991,10,1552500,164,0,0,0,0,0.0,0.0,0.00,0.00,0,0
3992,11,1552664,164,2,2,1,1,1775.0,4915.0,-3.55,-1.37,1,1
3993,12,1552828,164,1,1,0,1,866.1,866.1,0.82,0.82,0,1
3994,13,1552992,164,0,0,0,0,0.0,0.0,0.00,0.00,0,0
3995,14,1553156,164,1,1,1,0,5228.1,5228.1,3.82,3.82,1,0
3996,15,1553320,164,2,2,2,0,4549.7,5227.2,3.00,22.66,2,0
3997,16,1553484,164,2,2,0,2,1171.6,1694.6,-11.19,1.37,1,1
3998,0,1553648,164,0,0,0,0,0.0,0.0,0.00,0.00,0,0
3999,1,1553812,164,2,2,0,2,501.0,501.6,11.09,11.74,2,0
4000,2,1553976,164,1,1,0,1,499.5,499.5,11.74,11.74,1,0
4001,3,1554140,164,0,0,0,0,0.0,0.0,0.00,0.00,0,0
4002,4,1554304,164,16,16,12,4,455.2,11439.3,-54.33,52.97,6,10
4003,5,1554468,164,1,1,0,1,2302.3,2302.3,60.34,60.34,1,0
4004,6,1554632,164,2,2,2,0,6228.4,6759.8,-4.10,7.37,2,0
4005,7,1554796,164,16,16,9,7,955.5,10719.4,-40.96,122.17,4,12
4006,8,1554960,164,14,14,7,7,601.2,10815.5,-63.07,35.77,4,10
4007,9,1555124,164,2,2,2,0,2417.6,3785.8,-4.91,-1.37,1,1
4008,10,1555288,164,2,2,0,2,1319.4,2102.9,0.82,1.09,0,2
4009,11,1555452,164,3,3,1,2,387.6,4797.7,-2.18,3.82,2,1
4010,12,1555616,164,1,1,0,1,1433.0,1433.0,-1.91,-1.91,1,0
4011,13,1555780,164,0,0,0,0,0.0,0.0,0.00,0.00,0,0
4012,14,1555944,164,2,2,2,0,5055.1,5245.5,-5.73,-4.10,2,0
4013,15,1556108,164,3,3,2,1,2235.0,10174.1,-69.35,1.09,2,1
4014,16,1556272,164,2,2,1,1,1198.4,7552.7,-9.83,33.86,2,0
4015,0,1556436,164,0,0,0,0,0.0,0.0,0.00,0.00,0,0
4016,1,1556600,164,1,1,0,1,472.4,472.4,11.74,11.74,1,0
4017,2,1556764,164,3,3,1,2,459.0,2465.7,3.28,11.74,3,0
4018,3,1556928,164,0,0,0,0,0.0,0.0,0.00,0.00,0,0
4019,4,1557092,164,14,14,11,3,1334.5,11439.1,-2.73,39.86,4,10
4020,5,1557256,164,0,0,0,0,0.0,0.0,0.00,0.00,0,0
4021,6,1557420,164,1,1,1,0,11461.5,11461.5,5.46,5.46,0,1
4022,7,1557584,164,16,16,8,8,546.9,10719.0,-52.70,120.93,4,12
4023,8,1557748,164,19,19,10,9,600.4,10819.5,-22.39,120.93,5,14
4024,9,1557912,164,1,1,1,0,5876.4,5876.4,-1.64,-1.64,1,0
4025,10,1558076,164,3,3,2,1,1320.4,5176.8,-0.82,8.46,2,1
4026,11,1558240,164,0,0,0,0,0.0,0.0,0.00,0.00,0,0
4027,12,1558404,164,2,2,1,1,1267.6,3088.8,-3.82,-1.09,1,1
4028,13,1558568,164,1,1,0,1,2300.0,2300.0,31.67,31.67,1,0
4029,14,1558732,164,3,3,3,0,1745.3,5253.7,-9.83,0.82,2,1
4030,15,1558896,164,2,2,1,1,1440.7,10365.2,-4.10,68.53,2,0
4031,16,1559060,164,3,3,2,1,1226.0,8539.0,-26.48,0.82,2,1
4032,0,1559224,164,0,0,0,0,0.0,0.0,0.00,0.00,0,0
4033,1,1559388,164,2,2,0,2,431.5,432.0,11.09,11.74,2,0
4034,2,1559552,164,2,2,0,2,430.6,430.7,11.09,11.74,2,0
4035,3,1559716,164,0,0,0,0,0.0,0.0,0.00,0.00,0,0
4036,4,1559880,164,16,16,14,2,1318.1,11439.1,-58.16,46.96,6,10
4037,5,1560044,164,0,0,0,0,0.0,0.0,0.00,0.00,0,0
4038,6,1560208,164,2,2,2,0,6237.7,11445.6,-1.37,6.01,2,0
4039,7,1560372,164,11,11,7,4,956.2,10719.3,-3.28,117.64,3,8
4040,8,1560536,164,17,17,6,11,603.0,10820.3,-25.67,115.17,5,12
4041,9,1560700,164,2,2,1,1,2106.3,5897.6,-6.28,-3.00,2,0
4042,10,1560864,164,1,1,0,1,1319.0,1319.0,-1.09,-1.09,0,1
4043,11,1561028,164,2,2,0,2,1083.0,1850.3,1.09,1.09,0,2
4044,12,1561192,164,2,2,1,1,1264.3,2344.8,-11.74,1.09,1,1
4045,13,1561356,164,3,3,2,1,1343.2,6256.1,-55.97,45.05,2,1
4046,14,1561520,164,2,2,2,0,3379.2,5299.7,-55.97,-15.29,2,0
4047,15,1561684,164,1,1,0,1,1250.1,1250.1,-14.74,-14.74,1,0
4048,16,1561848,164,3,3,2,1,1265.4,2755.2,-15.29,1.37,1,2
4049,0,1562012,164,0,0,0,0,0.0,0.0,0.00,0.00,0,0
4050,1,1562176,164,3,3,0,3,404.6,693.9,-0.82,11.74,2,1
4051,2,1562340,164,3,3,1,2,401.9,2730.4,3.55,11.74,3,0
4052,3,1562504,164,1,1,0,1,1608.4,1608.4,-0.82,-0.82,0,1
4053,4,1562668,164,17,17,14,3,1290.6,11439.3,-37.13,62.53,5,12
4054,5,1562832,164,0,0,0,0,0.0,0.0,0.00,0.00,0,0
4055,6,1562996,164,5,5,5,0,3366.3,11464.8,-3.55,115.17,2,3
4056,7,1563160,164,11,11,8,3,643.3,10718.7,-1.91,115.17,3,8
4057,8,1563324,164,17,17,8,9,617.5,10819.2,-59.25,28.94,1,16
4058,9,1563488,164,3,3,2,1,1365.5,4550.8,-0.82,10.10,2,1
4059,10,1563652,164,2,2,1,1,1316.5,3376.7,0.82,3.55,1,1
4060,11,1563816,164,1,1,0,1,2110.8,2110.8,1.64,1.64,1,0
4061,12,1563980,164,1,1,1,0,3090.4,3090.4,-3.28,-3.28,1,0
4062,13,1564144,164,2,2,1,1,1031.8,3906.2,-55.97,1.09,1,1
4063,14,1564308,164,2,2,2,0,5249.2,5344.5,-14.74,-10.38,2,0
4064,15,1564472,164,4,4,1,3,1295.5,5345.6,-10.92,1.09,3,1
4065,16,1564636,164,1,1,0,1,1296.8,1296.8,-10.65,-10.65,1,0
4066,0,1564800,164,0,0,0,0,0.0,0.0,0.00,0.00,0,0
4067,1,1564964,164,3,3,0,3,361.7,1894.3,-0.82,11.74,2,1
4068,2,1565128,164,3,3,0,3,362.1,745.9,-3.55,11.74,2,1
4069,3,1565292,164,0,0,0,0,0.0,0.0,0.00,0.00,0,0
4070,4,1565456,164,16,16,12,4,1290.4,11439.3,-24.30,41.77,5,11
4071,5,1565620,164,0,0,0,0,0.0,0.0,0.00,0.00,0,0
4072,6,1565784,164,6,6,4,2,1244.2,11447.6,-58.70,113.11,5,1
4073,7,1565948,164,9,9,8,1,846.0,10718.5,-0.82,109.41,3,6
4074,8,1566112,164,18,18,6,12,523.8,10869.3,-68.53,60.61,4,14
4075,9,1566276,164,3,3,3,0,4528.4,4625.7,3.28,9.56,3,0
4076,10,1566440,164,0,0,0,0,0.0,0.0,0.00,0.00,0,0
4077,11,1566604,164,2,2,1,1,571.9,4889.7,2.46,33.58,2,0
4078,12,1566768,164,0,0,0,0,0.0,0.0,0.00,0.00,0,0
4079,13,1566932,164,1,1,1,0,4458.4,4458.4,-55.97,-55.97,1,0
4080,14,1567096,164,4,4,2,2,1262.5,5296.5,-19.39,-4.10,4,0
4081,15,1567260,164,1,1,0,1,1342.4,1342.4,-21.02,-21.02,1,0
4082,16,1567424,164,1,1,1,0,2777.7,2777.7,0.82,0.82,0,1
4083,0,1567588,164,1,1,1,0,9978.6,9978.6,-19.66,-19.66,1,0
4084,1,1567752,164,2,2,1,1,335.9,9978.2,-19.66,11.09,2,0
4085,2,1567916,164,3,3,0,3,334.3,719.9,-3.82,11.74,2,1
4086,3,1568080,164,0,0,0,0,0.0,0.0,0.00,0.00,0,0
4087,4,1568244,164,18,18,15,3,1319.4,11439.1,-62.25,61.98,5,13
4088,5,1568408,164,0,0,0,0,0.0,0.0,0.00,0.00,0,0
4089,6,1568572,164,4,4,4,0,2725.8,11462.7,-4.10,23.03,4,0
4090,7,1568736,164,13,13,8,5,355.1,10718.6,-18.02,53.24,3,10
4091,8,1568900,164,16,16,4,12,478.4,10815.3,-2.73,60.89,1,15
4092,9,1569064,164,8,8,6,2,1337.9,4315.5,-2.18,15.02,5,3
4093,10,1569228,164,2,2,1,1,1342.5,2610.3,-55.15,1.09,1,1
4094,11,1569392,164,1,1,1,0,4891.5,4891.5,4.37,4.37,1,0
4095,12,1569556,164,0,0,0,0,0.0,0.0,0.00,0.00,0,0
4096,13,1569720,164,2,2,1,1,1035.2,5011.6,-56.25,-0.82,1,1
4097,14,1569884,164,8,8,5,3,1389.5,5326.8,-56.25,10.10,7,1
4098,15,1570048,164,3,3,1,2,1389.1,1769.7,-15.02,0.82,2,1
4099,16,1570212,164,0,0,0,0,0.0,0.0,0.00,0.00,0,0
4100,0,1570376,164,1,1,1,0,10027.8,10027.8,-20.48,-20.48,1,0
4101,1,1570540,164,3,3,1,2,307.9,10031.8,-20.48,11.09,2,1
4102,2,1570704,164,1,1,0,1,305.8,305.8,11.09,11.09,1,0
4103,3,1570868,164,0,0,0,0,0.0,0.0,0.00,0.00,0,0
4104,4,1571032,164,15,15,12,3,1328.0,11439.1,-55.70,65.53,6,9
4105,5,1571196,164,1,1,1,0,2454.9,2454.9,103.66,103.66,1,0
4106,6,1571360,164,4,4,4,0,2434.7,6303.0,-4.64,103.66,4,0
4107,7,1571524,164,13,13,9,4,1506.7,11469.0,-27.58,17.75,3,10
4108,8,1571688,164,14,14,4,10,601.3,10816.0,-39.32,39.86,4,10
4109,9,1571852,164,2,2,1,1,1319.5,5778.9,-0.82,2.18,1,1
4110,10,1572016,164,0,0,0,0,0.0,0.0,0.00,0.00,0,0
4111,11,1572180,164,2,2,1,1,1869.8,4864.8,1.09,7.65,1,1
4112,12,1572344,164,0,0,0,0,0.0,0.0,0.00,0.00,0,0
4113,13,1572508,164,2,2,1,1,1033.2,5563.5,-56.25,0.82,1,1
4114,14,1572672,164,5,5,4,1,1419.0,5605.8,-55.97,10.65,5,0
4115,15,1572836,164,0,0,0,0,0.0,0.0,0.00,0.00,0,0
4116,16,1573000,164,0,0,0,0,0.0,0.0,0.00,0.00,0,0
4117,0,1573164,164,0,0,0,0,0.0,0.0,0.00,0.00,0,0
4118,1,1573328,164,2,2,0,2,265.7,1916.2,-1.09,9.05,1,1
4119,2,1573492,164,2,2,0,2,265.2,265.7,9.05,11.09,2,0
4120,3,1573656,164,0,0,0,0,0.0,0.0,0.00,0.00,0,0
4121,4,1573820,164,16,16,13,3,1291.8,11439.0,-56.79,7.10,5,11
4122,5,1573984,164,2,2,2,0,2168.9,2169.2,97.90,97.90,2,0
4123,6,1574148,164,2,2,2,0,2145.6,2147.1,97.90,97.90,2,0
4124,7,1574312,164,12,12,7,5,1506.8,10717.9,-60.89,26.76,2,10
4125,8,1574476,164,13,13,4,9,546.7,10820.5,-1.91,49.15,1,12
4126,9,1574640,164,5,5,4,1,2278.1,5874.4,-8.19,13.11,4,1
4127,10,1574804,164,4,4,3,1,525.4,5875.0,-1.09,13.38,3,1
4128,11,1574968,164,3,3,2,1,453.7,4838.4,3.82,7.92,2,1
4129,12,1575132,164,3,3,2,1,1033.9,8775.6,-10.38,1.37,2,1
4130,13,1575296,164,2,2,2,0,2394.2,6118.6,-55.97,-3.28,2,0
4131,14,1575460,164,3,3,2,1,1726.3,5344.9,-4.91,1.91,2,1
4132,15,1575624,164,3,3,2,1,1819.1,5344.6,-1.64,1.91,2,1
4133,16,1575788,164,0,0,0,0,0.0,0.0,0.00,0.00,0,0
4134,0,1575952,164,0,0,0,0,0.0,0.0,0.00,0.00,0,0
4135,1,1576116,164,3,3,0,3,236.1,1892.8,0.82,9.05,1,2
4136,2,1576280,164,4,4,0,4,233.5,332.9,9.05,13.57,4,0
4137,3,1576444,164,1,1,1,0,1257.7,1257.7,-138.21,-138.21,1,0
4138,4,1576608,164,18,18,16,2,1390.7,11439.0,-58.16,97.90,5,13
4139,5,1576772,164,2,2,2,0,1876.1,1878.1,92.14,92.14,2,0
4140,6,1576936,164,0,0,0,0,0.0,0.0,0.00,0.00,0,0
4141,7,1577100,164,17,17,9,8,640.9,12332.5,-61.98,69.62,3,14
4142,8,1577264,164,16,16,6,10,526.8,10818.7,-55.70,63.62,1,15
4143,9,1577428,164,4,4,3,1,763.1,5873.1,-4.37,-1.09,1,3
4144,10,1577592,164,4,4,1,3,183.7,3762.0,-9.83,2.46,2,2
4145,11,1577756,164,2,2,0,2,378.3,2204.9,-4.37,1.09,0,2
4146,12,1577920,164,0,0,0,0,0.0,0.0,0.00,0.00,0,0
4147,13,1578084,164,2,2,1,1,1503.7,6671.3,-55.97,-13.11,2,0
4148,14,1578248,164,2,2,1,1,1528.4,1674.0,-9.01,0.82,1,1
4149,15,1578412,164,2,2,2,0,5302.2,7508.4,-67.99,-1.37,2,0
4150,16,1578576,164,1,1,0,1,2041.3,2041.3,-1.09,-1.09,0,1
4151,0,1578740,164,0,0,0,0,0.0,0.0,0.00,0.00,0,0
4152,1,1578904,164,3,3,0,3,207.0,615.6,1.37,11.52,2,1
4153,2,1579068,164,3,3,0,3,208.2,1413.0,0.82,11.52,2,1
4154,3,1579232,164,0,0,0,0,0.0,0.0,0.00,0.00,0,0
4155,4,1579396,164,14,14,12,2,1319.8,11439.3,-40.14,52.70,3,11
4156,5,1579560,164,1,1,1,0,1641.6,1641.6,103.66,103.66,1,0
4157,6,1579724,164,3,3,3,0,6043.2,7339.8,-3.82,61.16,3,0
4158,7,1579888,164,17,17,8,9,306.2,11463.0,-25.39,51.33,3,14
4159,8,1580052,164,14,14,4,10,501.0,10770.6,-28.67,69.90,2,12
4160,9,1580216,164,6,6,5,1,500.9,5894.3,-5.19,13.38,5,1
4161,10,1580380,164,1,1,0,1,2033.9,2033.9,2.46,2.46,0,1
4162,11,1580544,164,3,3,1,2,433.3,4839.4,-12.83,1.09,1,2
4163,12,1580708,164,0,0,0,0,0.0,0.0,0.00,0.00,0,0
4164,13,1580872,164,3,3,1,2,1532.7,7222.8,-55.97,-5.73,3,0
4165,14,1581036,164,3,3,1,2,1658.2,7262.0,-55.97,0.82,1,2
4166,15,1581200,164,0,0,0,0,0.0,0.0,0.00,0.00,0,0
4167,16,1581364,164,1,1,0,1,547.9,547.9,12.01,12.01,1,0
4168,0,1581528,164,0,0,0,0,0.0,0.0,0.00,0.00,0,0
4169,1,1581692,164,0,0,0,0,0.0,0.0,0.00,0.00,0,0
4170,2,1581856,164,0,0,0,0,0.0,0.0,0.00,0.00,0,0
4171,3,1582020,164,0,0,0,0,0.0,0.0,0.00,0.00,0,0
4172,4,1582184,164,15,15,11,4,1317.2,11439.5,-45.87,86.38,5,10
4173,5,1582348,164,2,2,2,0,4314.6,4984.3,-0.82,3.82,1,1
4174,6,1582512,164,3,3,2,1,2157.3,6349.4,0.82,0.82,2,1
4175,7,1582676,164,8,8,6,2,1050.1,10747.0,-43.96,2.18,0,8
4176,8,1582840,164,12,12,5,7,600.9,10772.3,-69.62,22.39,3,9
4177,9,1583004,164,5,5,3,2,932.3,4313.3,-10.10,13.38,2,3
4178,10,1583168,164,1,1,1,0,4507.1,4507.1,-4.37,-4.37,1,0
4179,11,1583332,164,4,4,2,2,450.7,7120.0,-1.37,51.33,2,2
4180,12,1583496,164,0,0,0,0,0.0,0.0,0.00,0.00,0,0
4181,13,1583660,164,3,3,1,2,1552.0,7790.5,-55.97,-7.92,3,0
4182,14,1583824,164,2,2,1,1,1410.5,1701.8,1.09,11.19,1,1
4183,15,1583988,164,2,2,0,2,1359.4,2202.7,-8.19,-4.37,0,2
4184,16,1584152,164,0,0,0,0,0.0,0.0,0.00,0.00,0,0
4185,0,1584316,164,0,0,0,0,0.0,0.0,0.00,0.00,0,0
4186,1,1584480,164,0,0,0,0,0.0,0.0,0.00,0.00,0,0
4187,2,1584644,164,0,0,0,0,0.0,0.0,0.00,0.00,0,0
4188,3,1584808,164,0,0,0,0,0.0,0.0,0.00,0.00,0,0
4189,4,1584972,164,19,19,16,3,981.7,11439.5,-59.52,42.59,5,14
4190,5,1585136,164,0,0,0,0,0.0,0.0,0.00,0.00,0,0
4191,6,1585300,164,0,0,0,0,0.0,0.0,0.00,0.00,0,0
4192,7,1585464,164,10,10,6,4,551.7,10223.7,-13.38,13.65,2,8
4193,8,1585628,164,17,17,7,10,616.7,10818.4,-56.52,44.34,3,14
4194,9,1585792,164,4,4,4,0,3403.3,4289.8,-2.46,13.92,4,0
4195,10,1585956,164,0,0,0,0,0.0,0.0,0.00,0.00,0,0
4196,11,1586120,164,1,1,0,1,1706.1,1706.1,-3.55,-3.55,1,0
4197,12,1586284,164,1,1,0,1,1599.2,1599.2,-8.74,-8.74,1,0
4198,13,1586448,164,4,4,1,3,1601.4,8340.9,-55.97,-2.18,4,0
4199,14,1586612,164,2,2,1,1,1985.4,8367.7,-55.97,-37.95,2,0
4200,15,1586776,164,0,0,0,0,0.0,0.0,0.00,0.00,0,0
4201,16,1586940,164,0,0,0,0,0.0,0.0,0.00,0.00,0,0
4202,0,1587104,164,0,0,0,0,0.0,0.0,0.00,0.00,0,0
4203,1,1587268,164,0,0,0,0,0.0,0.0,0.00,0.00,0,0
4204,2,1587432,164,0,0,0,0,0.0,0.0,0.00,0.00,0,0
4205,3,1587596,164,1,1,0,1,961.2,961.2,74.86,74.86,1,0
4206,4,1587760,164,18,18,13,5,1290.6,11439.5,-69.35,64.71,9,9
4207,5,1587924,164,1,1,1,0,4984.0,4984.0,2.73,2.73,1,0
4208,6,1588088,164,4,4,4,0,6279.1,11463.4,-4.10,4.10,2,2
4209,7,1588252,164,17,17,10,7,984.7,10223.5,-66.62,22.12,1,16
4210,8,1588416,164,18,18,4,14,505.6,5226.6,-53.24,20.20,3,15
4211,9,1588580,164,1,1,1,0,4241.6,4241.6,13.38,13.38,1,0
4212,10,1588744,164,3,3,3,0,4314.8,5850.7,-1.37,6.28,2,1
4213,11,1588908,164,3,3,0,3,381.8,2275.7,-1.91,0.82,0,3
4214,12,1589072,164,3,3,1,2,1609.3,11780.2,-6.83,18.84,2,1
4215,13,1589236,164,3,3,2,1,1610.5,8877.5,-55.97,6.01,3,0
4216,14,1589400,164,3,3,2,1,1743.3,8904.0,-55.97,-1.09,2,1
4217,15,1589564,164,0,0,0,0,0.0,0.0,0.00,0.00,0,0
4218,16,1589728,164,0,0,0,0,0.0,0.0,0.00,0.00,0,0
4219,0,1589892,164,0,0,0,0,0.0,0.0,0.00,0.00,0,0
4220,1,1590056,164,1,1,1,0,10506.6,10506.6,-27.03,-27.03,1,0
4221,2,1590220,164,2,2,0,2,788.4,791.0,63.34,63.34,2,0
4222,3,1590384,164,0,0,0,0,0.0,0.0,0.00,0.00,0,0
4223,4,1590548,164,20,20,18,2,1442.7,11439.4,-69.35,44.23,7,13
4224,5,1590712,164,0,0,0,0,0.0,0.0,0.00,0.00,0,0
4225,6,1590876,164,1,1,1,0,6422.7,6422.7,-0.82,-0.82,0,1
4226,7,1591040,164,14,14,7,7,1058.1,10717.3,-22.94,10.65,2,12
4227,8,1591204,164,16,16,7,9,602.8,10817.8,-39.32,4.10,3,13
4228,9,1591368,164,4,4,4,0,4051.4,5847.1,-2.73,13.92,4,0
4229,10,1591532,164,3,3,2,1,543.4,5831.2,-1.09,10.65,2,1
4230,11,1591696,164,2,2,0,2,449.6,530.9,-1.37,-1.09,0,2
4231,12,1591860,164,3,3,0,3,1629.2,1652.0,-11.74,-9.83,3,0
4232,13,1592024,164,1,1,1,0,9431.6,9431.6,-55.97,-55.97,1,0
4233,14,1592188,164,2,2,2,0,5299.6,9470.3,-55.97,4.37,2,0
4234,15,1592352,164,0,0,0,0,0.0,0.0,0.00,0.00,0,0
4235,16,1592516,164,1,1,1,0,8897.2,8897.2,-39.59,-39.59,1,0
4236,0,1592680,164,0,0,0,0,0.0,0.0,0.00,0.00,0,0
4237,1,1592844,164,1,1,0,1,624.9,624.9,57.59,57.59,1,0
4238,2,1593008,164,1,1,0,1,1821.2,1821.2,-0.82,-0.82,0,1
4239,3,1593172,164,1,1,1,0,3739.1,3739.1,3.00,3.00,1,0
4240,4,1593336,164,12,12,8,4,505.6,11439.3,-39.86,1.91,2,10
4241,5,1593500,164,1,1,0,1,961.1,961.1,-0.82,-0.82,0,1
4242,6,1593664,164,2,2,2,0,6357.7,11462.6,-5.46,3.28,2,0
4243,7,1593828,164,15,15,7,8,1052.1,11467.4,-63.34,56.79,1,14
4244,8,1593992,164,16,16,7,9,599.2,10607.7,-16.38,22.39,3,13
4245,9,1594156,164,5,5,4,1,746.3,12066.4,-38.23,14.20,4,1
4246,10,1594320,164,3,3,2,1,1287.3,5827.2,1.09,14.20,2,1
4247,11,1594484,164,1,1,0,1,1606.2,1606.2,1.09,1.09,0,1
4248,12,1594648,164,1,1,0,1,1675.3,1675.3,-17.47,-17.47,1,0
4249,13,1594812,164,1,1,1,0,2560.6,2560.6,-0.82,-0.82,0,1
4250,14,1594976,164,3,3,3,0,4960.9,5278.4,12.29,12.83,3,0
4251,15,1595140,164,3,3,2,1,2223.8,3883.4,-4.64,1.91,2,1
4252,16,1595304,164,0,0,0,0,0.0,0.0,0.00,0.00,0,0
4253,0,1595468,164,0,0,0,0,0.0,0.0,0.00,0.00,0,0
4254,1,1595632,164,2,2,1,1,476.9,6354.2,8.46,51.83,2,0
4255,2,1595796,164,2,2,0,2,1820.9,1844.2,-0.82,0.82,0,2
4256,3,1595960,164,5,5,3,2,2062.1,12138.6,-1.37,31.40,2,3
4257,4,1596124,164,13,13,11,2,1391.6,11439.2,-53.52,58.70,5,8
4258,5,1596288,164,0,0,0,0,0.0,0.0,0.00,0.00,0,0
4259,6,1596452,164,0,0,0,0,0.0,0.0,0.00,0.00,0,0
4260,7,1596616,164,12,12,6,6,1050.7,10222.4,-16.93,31.13,2,10
4261,8,1596780,164,11,11,4,7,616.9,10607.6,-63.07,43.69,2,9
4262,9,1596944,164,3,3,3,0,3499.5,4001.0,1.91,12.01,3,0
4263,10,1597108,164,3,3,0,3,1509.9,1796.8,-1.64,2.18,2,1
4264,11,1597272,164,6,6,3,3,357.3,4766.4,-21.30,8.19,3,3
4265,12,1597436,164,1,1,0,1,1729.7,1729.7,-22.12,-22.12,1,0
4266,13,1597600,164,0,0,0,0,0.0,0.0,0.00,0.00,0,0
4267,14,1597764,164,4,4,3,1,2256.0,5302.6,-6.28,9.01,3,1
4268,15,1597928,164,0,0,0,0,0.0,0.0,0.00,0.00,0,0
4269,16,1598092,164,0,0,0,0,0.0,0.0,0.00,0.00,0,0
4270,0,1598256,164,1,1,0,1,2041.1,2041.1,4.91,4.91,1,0
4271,1,1598420,164,0,0,0,0,0.0,0.0,0.00,0.00,0,0
4272,2,1598584,164,0,0,0,0,0.0,0.0,0.00,0.00,0,0
4273,3,1598748,164,0,0,0,0,0.0,0.0,0.00,0.00,0,0
4274,4,1598912,164,18,18,15,3,1292.2,11438.9,-39.04,65.26,7,11
4275,5,1599076,164,0,0,0,0,0.0,0.0,0.00,0.00,0,0
4276,6,1599240,164,4,4,4,0,6396.4,11488.9,-4.64,2.46,4,0
4277,7,1599404,164,13,13,11,2,1005.8,11488.6,-57.61,55.70,4,9
4278,8,1599568,164,13,13,5,8,601.1,10772.8,-8.46,36.59,0,13
4279,9,1599732,164,2,2,0,2,694.9,2087.3,-1.37,3.00,0,2
4280,10,1599896,164,2,2,1,1,955.5,3955.4,-0.82,11.47,1,1
4281,11,1600060,164,4,4,2,2,354.9,3642.9,-2.46,1.91,2,2
4282,12,1600224,164,5,5,3,2,813.1,4888.7,-24.57,6.28,3,2
4283,13,1600388,164,3,3,3,0,4290.4,11101.4,-55.97,0.82,3,0
4284,14,1600552,164,5,5,5,0,4939.1,5296.2,-9.83,7.10,5,0
4285,15,1600716,164,0,0,0,0,0.0,0.0,0.00,0.00,0,0
4286,16,1600880,164,1,1,1,0,1264.0,1264.0,90.49,90.49,1,0
4287,0,1601044,164,0,0,0,0,0.0,0.0,0.00,0.00,0,0
4288,1,1601208,164,2,2,1,1,1893.0,5827.2,-3.55,-0.82,1,1
4289,2,1601372,164,0,0,0,0,0.0,0.0,0.00,0.00,0,0
4290,3,1601536,164,0,0,0,0,0.0,0.0,0.00,0.00,0,0
4291,4,1601700,164,19,19,15,4,1315.7,11438.9,-68.53,48.33,5,14
4292,5,1601864,164,2,2,1,1,315.5,12425.5,1.91,4.64,2,0
4293,6,1602028,164,1,1,1,0,11589.4,11589.4,1.37,1.37,1,0
4294,7,1602192,164,16,16,9,7,985.7,10718.0,-59.25,58.98,3,13
4295,8,1602356,164,19,19,8,11,602.6,10817.1,-2.18,64.98,2,17
4296,9,1602520,164,4,4,4,0,4120.5,5869.9,-12.01,13.38,4,0
4297,10,1602684,164,1,1,1,0,5868.8,5868.8,-12.01,-12.01,1,0
4298,11,1602848,164,4,4,3,1,377.4,4845.8,-18.84,8.19,3,1
4299,12,1603012,164,1,1,0,1,1864.0,1864.0,-18.84,-18.84,1,0
4300,13,1603176,164,1,1,1,0,11652.2,11652.2,-55.97,-55.97,1,0
4301,14,1603340,164,0,0,0,0,0.0,0.0,0.00,0.00,0,0
4302,15,1603504,164,1,1,1,0,1793.5,1793.5,-0.82,-0.82,0,1
4303,16,1603668,164,1,1,1,0,3906.7,3906.7,1.37,1.37,1,0
4304,0,1603832,164,0,0,0,0,0.0,0.0,0.00,0.00,0,0
4305,1,1603996,164,0,0,0,0,0.0,0.0,0.00,0.00,0,0
4306,2,1604160,164,0,0,0,0,0.0,0.0,0.00,0.00,0,0
4307,3,1604324,164,2,2,1,1,1773.5,12164.9,0.82,4.91,2,0
4308,4,1604488,164,11,11,9,2,1387.5,11439.3,-8.19,4.37,6,5
4309,5,1604652,164,0,0,0,0,0.0,0.0,0.00,0.00,0,0
4310,6,1604816,164,3,3,3,0,4720.1,6426.9,-4.91,6.01,3,0
4311,7,1604980,164,9,9,6,3,1052.5,10220.4,-1.09,18.84,1,8
4312,8,1605144,164,12,12,5,7,601.5,10865.1,-2.73,7.92,1,11
4313,9,1605308,164,5,5,4,1,832.4,5900.3,-13.92,10.92,3,2
4314,10,1605472,164,4,4,3,1,696.5,12137.4,-13.92,15.56,2,2
4315,11,1605636,164,2,2,1,1,429.2,1889.5,-22.39,3.55,1,1
4316,12,1605800,164,1,1,1,0,2563.7,2563.7,-3.55,-3.55,1,0
4317,13,1605964,164,2,2,1,1,1529.0,4096.7,-3.17,1.64,2,0
4318,14,1606128,164,1,1,0,1,1230.3,1230.3,0.82,0.82,0,1
4319,15,1606292,164,0,0,0,0,0.0,0.0,0.00,0.00,0,0
4320,16,1606456,164,0,0,0,0,0.0,0.0,0.00,0.00,0,0
4321,0,1606620,164,0,0,0,0,0.0,0.0,0.00,0.00,0,0
4322,1,1606784,164,0,0,0,0,0.0,0.0,0.00,0.00,0,0
4323,2,1606948,164,2,2,0,2,643.4,1869.2,-1.09,3.55,0,2
4324,3,1607112,164,0,0,0,0,0.0,0.0,0.00,0.00,0,0
4325,4,1607276,164,13,13,11,2,1313.9,11439.4,-59.52,14.47,4,9
4326,5,1607440,164,0,0,0,0,0.0,0.0,0.00,0.00,0,0
4327,6,1607604,164,4,4,4,0,6444.5,11487.9,-9.01,-2.46,4,0
4328,7,1607768,164,10,10,7,3,1746.6,10718.5,-0.82,30.31,1,9
4329,8,1607932,164,17,17,7,10,547.8,10818.1,-18.57,62.80,6,11
4330,9,1608096,164,4,4,2,2,832.8,4050.4,-6.83,11.47,3,1
4331,10,1608260,164,3,3,2,1,762.2,4724.3,-0.82,3.00,2,1
4332,11,1608424,164,3,3,1,2,379.8,4601.6,-20.48,1.91,2,1
4333,12,1608588,164,1,1,0,1,1984.0,1984.0,-20.75,-20.75,0,1
4334,13,1608752,164,1,1,0,1,1824.2,1824.2,-4.64,-4.64,1,0
4335,14,1608916,164,4,4,2,2,1194.6,5254.3,-10.38,-0.82,2,2
4336,15,1609080,164,2,2,1,1,1319.3,3883.3,-5.19,1.09,2,0
4337,16,1609244,164,0,0,0,0,0.0,0.0,0.00,0.00,0,0
4338,0,1609408,164,1,1,0,1,597.3,597.3,45.60,45.60,0,1
4339,1,1609572,164,1,1,1,0,11105.6,11105.6,-33.86,-33.86,1,0
4340,2,1609736,164,0,0,0,0,0.0,0.0,0.00,0.00,0,0
4341,3,1609900,164,0,0,0,0,0.0,0.0,0.00,0.00,0,0
4342,4,1610064,164,15,15,13,2,1320.9,11439.5,-27.03,64.98,5,10
4343,5,1610228,164,0,0,0,0,0.0,0.0,0.00,0.00,0,0
4344,6,1610392,164,4,4,4,0,6238.8,11465.7,-6.01,2.73,3,1
4345,7,1610556,164,11,11,8,3,693.5,11466.3,-3.55,4.64,2,9
4346,8,1610720,164,19,19,8,11,601.0,10867.6,-64.44,52.42,4,15
4347,9,1610884,164,4,4,2,2,814.0,4025.3,-1.09,10.38,2,2
4348,10,1611048,164,5,5,5,0,2634.0,4773.8,-22.12,12.83,4,1
4349,11,1611212,164,3,3,1,2,760.5,4670.2,-1.09,1.09,1,2
4350,12,1611376,164,0,0,0,0,0.0,0.0,0.00,0.00,0,0
4351,13,1611540,164,0,0,0,0,0.0,0.0,0.00,0.00,0,0
4352,14,1611704,164,1,1,1,0,4965.3,4965.3,-7.37,-7.37,1,0
4353,15,1611868,164,1,1,0,1,1919.3,1919.3,1.37,1.37,0,1
4354,16,1612032,164,11,11,3,8,257.2,2252.2,-61.98,14.47,0,11
4355,0,1612196,164,0,0,0,0,0.0,0.0,0.00,0.00,0,0
4356,1,1612360,164,0,0,0,0,0.0,0.0,0.00,0.00,0,0
4357,2,1612524,164,0,0,0,0,0.0,0.0,0.00,0.00,0,0
4358,3,1612688,164,0,0,0,0,0.0,0.0,0.00,0.00,0,0
4359,4,1612852,164,19,19,17,2,1443.3,12210.0,-66.08,42.87,7,12
4360,5,1613016,164,0,0,0,0,0.0,0.0,0.00,0.00,0,0
4361,6,1613180,164,5,5,3,2,887.8,11461.4,-4.64,2.46,4,1
4362,7,1613344,164,14,14,8,6,1049.3,10718.0,-68.53,57.88,1,13
4363,8,1613508,164,10,10,3,7,599.7,5226.8,-6.01,22.39,0,10
4364,9,1613672,164,4,4,4,0,3499.3,3979.0,-5.46,10.38,2,2
4365,10,1613836,164,4,4,3,1,1299.2,5635.6,-1.09,10.65,3,1
4366,11,1614000,164,5,5,2,3,387.8,2416.8,-14.47,4.10,2,3
4367,12,1614164,164,0,0,0,0,0.0,0.0,0.00,0.00,0,0
4368,13,1614328,164,1,1,1,0,5203.9,5203.9,4.10,4.10,1,0
4369,14,1614492,164,2,2,2,0,5221.3,5274.5,-1.64,3.82,2,0
4370,15,1614656,164,2,2,1,1,717.8,2755.1,-1.64,-1.09,1,1
4371,16,1614820,164,13,13,1,12,241.2,4548.3,-27.58,63.07,0,13
4372,0,1614984,164,0,0,0,0,0.0,0.0,0.00,0.00,0,0
4373,1,1615148,164,1,1,0,1,1293.2,1293.2,-3.00,-3.00,0,1
4374,2,1615312,164,0,0,0,0,0.0,0.0,0.00,0.00,0,0
4375,3,1615476,164,1,1,0,1,2108.7,2108.7,0.82,0.82,0,1
4376,4,1615640,164,18,18,15,3,1317.2,11439.3,-54.88,67.99,6,12
4377,5,1615804,164,1,1,0,1,1696.8,1696.8,1.64,1.64,1,0
4378,6,1615968,164,4,4,4,0,4771.7,6497.0,-4.37,3.28,4,0
4379,7,1616132,164,13,13,8,5,1051.6,10717.6,-56.79,50.24,3,10
4380,8,1616296,164,13,13,2,11,602.8,10820.1,-4.37,53.24,0,13
4381,9,1616460,164,3,3,2,1,2182.4,3954.5,-1.37,10.65,2,1
4382,10,1616624,164,3,3,2,1,1844.2,4674.2,-0.82,7.92,2,1
4383,11,1616788,164,4,4,2,2,360.3,2106.1,-5.46,1.09,2,2
4384,12,1616952,164,4,4,1,3,1526.5,2586.9,-6.28,1.09,4,0
4385,13,1617116,164,0,0,0,0,0.0,0.0,0.00,0.00,0,0
